id,domain,status,purchase_price,renewal_price,attractiveness,demand,length,registrar,created_at,expires_at
001debda-b6ca-479e-8b4f-5c131d9b3613,haveyoueaten.university,available,19.99,,44,2,14,name.com,,
0045584c-b9b4-46fe-837d-bc9c802d326b,fillaway.university,available,19.99,,70,1,9,name.com,,
008502b4-42f7-4588-aa3c-e9941a16e5f6,phones.university,available,19.99,,76,19,6,name.com,,
009774ae-1ac3-4757-865d-417cc11e6826,comeundone.university,available,19.99,,66,2,11,name.com,,
00c81950-4e19-4262-a99b-1cea6519b165,lets.university,available,19.99,,77,39,4,name.com,,
00de1eab-c290-4236-a58d-cca8745c0f3c,deepdiving.university,available,19.99,,76,2,11,name.com,,
012a699b-da03-4c74-954a-b391a18430d3,Lordknows.university,available,77.98,,66,2,10,namecheap,,
013aa1c8-880e-40f7-917e-6f26bb95700e,cucumbers.university,available,19.99,,74,4,9,name.com,,
018b1b8a-3907-4e4b-95e5-34a23af3865f,introducing.university,available,19.99,,58,8,11,name.com,,
01b0f745-2286-4ef9-ba00-dc73a53da891,volunteers.university,premium,123.75,,62,12,10,name.com,,
01c4b0fb-62d3-4154-8b31-9913a6d35bfe,clipart.university,available,19.99,,74,8,8,name.com,,
01c7a236-1714-43ed-bb69-7b028df30a9e,lunchmoney.university,available,19.99,,78,7,11,name.com,,
01d5b0f5-f404-47a4-bfb1-9e8d62f67543,semifinal.university,available,19.99,,72,2,10,name.com,,
01f7ba4e-09f5-473a-9e85-0115cc6c710e,sitaround.university,available,19.99,,66,1,10,name.com,,
024bb706-a2b3-450a-944c-b94b5ff9b438,whitewine.university,available,19.99,,76,6,10,name.com,,
026cffbc-c405-46c2-ab02-d589f0307ea1,getoutofDodge.university,available,77.98,,62,1,16,namecheap,,
0284e6c5-42ad-4f81-b878-e74622009a0b,setto.university,available,19.99,,72,6,6,name.com,,
028a3eec-4581-40a6-b159-4a2c8bb2571d,VHS.university,available,77.98,,71,20,3,namecheap,,
02b53042-4aa0-4a7c-be82-f5c99d085bca,makethenews.university,available,19.99,,72,2,13,name.com,,
02b6aeee-3704-48db-8992-9ff4a31c84e1,snapped.university,available,19.99,,52,6,7,name.com,,
02b9247b-1a24-4bb5-ab3d-9c7ca8dc8189,pricecut.university,available,19.99,,68,5,9,name.com,,
02c6df50-635e-4eae-ae6f-1d6dc3b39b82,goodcheer.university,available,19.99,,60,2,10,name.com,,
02d7f999-8a12-4238-8a4c-1fefb2cbd638,jollyalong.university,available,19.99,,82,1,11,name.com,,
02e7a60e-3d76-467c-a662-dc7c52740fd5,chickenroll.university,available,19.99,,76,2,12,name.com,,
02e945ef-9798-4aec-8c2f-5cced29b2e21,coaches.university,available,19.99,,56,15,7,name.com,,
02fb8f7f-76c1-47de-8e0f-cd009d0190f6,waxedpaper.university,available,19.99,,65,1,11,name.com,,
0303661b-ee1d-4f26-ae59-d19fb8fbfe8c,goviral.university,available,19.99,,76,17,8,name.com,,
032e99f0-2958-4436-a828-dd3e4ae7a0d2,hangon.university,available,19.99,,82,6,7,name.com,,
034e4825-929f-4d5f-af36-2310d7053f4a,deadoralive.university,available,19.99,,54,5,13,name.com,,
0377eafa-052c-45a6-b671-fc4d3be06036,keephopealive.university,available,19.99,,50,2,15,name.com,,
03a09af6-caf9-4255-a83e-e71100c9fec9,carrymeout.university,available,19.99,,46,1,12,name.com,,
03fdd8f5-585c-4515-9a04-5eff2e384421,hats.university,available,19.99,,65,15,4,name.com,,
042312db-89b2-4b12-aa45-b3f6834161e1,CountyofYork.university,available,77.98,,44,1,14,namecheap,,
04984636-ba9d-496c-a517-618cb34665c6,makeuseof.university,available,19.99,,58,2,11,name.com,,
04aa57f6-408c-43f4-88af-97dbe61aadf9,chiefmagistrate.university,available,19.99,,42,1,16,name.com,,
04d022c4-95d7-418b-89c8-d44f788fd524,letlie.university,available,19.99,,72,1,7,name.com,,
04d46460-f2c6-4323-a29a-e0fc5f0dcf9d,makeswaves.university,available,19.99,,60,1,11,name.com,,
050bc21a-548b-4374-a250-998d69178e67,havenobusiness.university,available,19.99,,60,1,16,name.com,,
050c7d8d-b750-4e5a-b6a7-7869b1b641dd,noses.university,available,19.99,,48,3,5,name.com,,
052c9ed4-82b3-4ebe-942f-4921935c47bd,ribbons.university,available,19.99,,56,9,7,name.com,,
0530714c-f402-4da3-9b3e-618e73d3728d,responds.university,available,19.99,,58,3,8,name.com,,
0540baa8-4647-44e4-9ac9-59b7b2c99a8a,Ihavenever.university,available,77.98,,68,1,12,namecheap,,
054eed8a-550a-4e16-a98d-f1114507f035,letpass.university,available,19.99,,56,1,8,name.com,,
05507802-8761-4db3-b6ba-1c6a47c2b4cc,overwith.university,available,19.99,,60,1,9,name.com,,
0551fdcb-0755-4ac6-8fce-78de58c9aca2,translating.university,available,19.99,,54,7,11,name.com,,
0561eb4b-9c8e-4775-8f3a-3563cd092357,silhouettes.university,available,19.99,,52,5,11,name.com,,
057db2e5-edfb-41b8-a105-5e1cec1bd5a8,flipflops.university,available,19.99,,52,5,10,name.com,,
0589337c-ad26-41c4-832d-8b93697a4372,makeupartist.university,available,19.99,,76,5,13,name.com,,
058feba2-f953-4927-940d-a0a3b2c7add6,twentythree.university,available,19.99,,65,7,12,name.com,,
059d5c1e-6e1a-4496-b6ce-0fde2565b29a,SaintNicholas.university,available,77.98,,64,4,14,namecheap,,
059eee78-5380-454d-9108-d6d49ec0572d,messages.university,available,19.99,,80,16,8,name.com,,
05b444c1-ca25-44c6-b3f5-10ae24841fd1,looked.university,available,19.99,,74,5,6,name.com,,
05c6aa39-b838-40c7-9fcb-fc558f4b8234,playarole.university,available,19.99,,68,1,11,name.com,,
05e1b9ec-ffb7-4147-8cb4-8775c3e16f3e,incheck.university,available,19.99,,46,5,8,name.com,,
06155106-e6dc-4c7d-bbed-a20348b8ac22,DeadSea.university,available,77.98,,50,6,8,namecheap,,
062d3a44-f91c-4e04-9311-04eae2fef15b,gonowhere.university,available,19.99,,62,2,10,name.com,,
0651506e-9e9b-4d10-9e30-90181e854059,hanginthere.university,available,19.99,,54,3,13,name.com,,
065d1b4b-b74a-49a8-8318-2bcc7abd61cc,financeindustry.university,available,19.99,,44,1,16,name.com,,
0670ef7a-cd0f-46d7-b175-318517f5df8c,oaktrees.university,available,19.99,,56,3,9,name.com,,
06847636-c8ee-4ab5-a2a7-9cb672a26ef0,adverbs.university,available,19.99,,50,3,7,name.com,,
06ad0ade-05b5-458c-b412-8519ba36b000,stackup.university,available,19.99,,64,11,8,name.com,,
06b2d5b8-ec7b-4809-874b-b0e6c2422a1d,contemplation.university,available,19.99,,66,6,13,name.com,,
06cbfa18-bbc1-43d1-bf0b-2c51f7cf86ae,lunchtime.university,available,19.99,,78,8,10,name.com,,
06d9f729-88cc-44fa-b486-bf165e77aafd,makeinteresting.university,available,19.99,,72,1,16,name.com,,
06db2a88-a047-401f-bc5d-e3de97ca6de2,getovertheline.university,available,19.99,,69,1,17,name.com,,
06f9d56f-6bdb-4460-893a-8f8469c16159,scallops.university,available,19.99,,52,3,8,name.com,,
06fb4aff-e50b-4cab-870c-0b03498a3fa3,criteria.university,available,19.99,,88,10,8,name.com,,
07007dff-7c46-4013-b008-4770d17e8a0f,bloodvessels.university,available,19.99,,48,1,13,name.com,,
0701ef56-f4b6-49e8-b7ef-2fb09c83bfe9,stretchout.university,available,19.99,,70,2,11,name.com,,
0721ba25-68b8-4a49-8d35-11d5b4a86232,bolts.university,available,19.99,,50,11,5,name.com,,
075f7f6f-af0a-46a4-a9e7-d155099864e0,gohome.university,available,19.99,,76,14,7,name.com,,
076673c9-d2c6-4f81-8a97-e485c6d5947d,worlds.university,available,19.99,,62,17,6,name.com,,
0777c1cc-275b-4d1e-97da-129e426e460a,Frenchthyme.university,available,77.98,,74,1,12,namecheap,,
077ebb4d-a166-43fa-ba49-1c7e2786369e,officedesk.university,available,19.99,,55,5,11,name.com,,
079f6a81-6bdb-49d2-b795-ae5fdef2a8b4,sellthrough.university,available,19.99,,64,2,12,name.com,,
07b1fc15-1fc1-49e5-86fe-4b72fd24d358,makethefinalcut.university,available,19.99,,50,1,18,name.com,,
07d190d1-4b15-4e8f-b974-53922db6f260,cuts.university,available,19.99,,72,10,4,name.com,,
07f123d5-cc40-49c7-bc54-182536694e63,executivecontrol.university,available,19.99,,64,1,17,name.com,,
0805a888-193e-4894-a05a-72090b8199dc,cables.university,available,19.99,,54,11,6,name.com,,
0828954b-3280-446a-820d-aba1fcf9131f,establishedorder.university,available,19.99,,60,1,17,name.com,,
083d9962-5f3b-45b0-9edf-11b7fb17f942,teaspoons.university,available,19.99,,56,3,9,name.com,,
0862a5dc-835b-46f6-9b0d-93aa0764ae11,orchestrated.university,available,19.99,,75,4,12,name.com,,
0878ebbc-28c4-45d7-beb9-7ed359215565,executiveprivilege.university,available,19.99,,62,1,19,name.com,,
0883fe51-b312-4f1a-b58a-1ec7b06632f5,decides.university,available,19.99,,56,3,7,name.com,,
088d059d-a10b-4bc7-a0ee-db1bd1acdb3e,contacts.university,available,19.99,,54,20,8,name.com,,
08df669f-eb42-40d7-bcf8-e1b205a3ab06,IamHIVpositive.university,available,77.98,,44,1,17,namecheap,,
08f3d4a2-0e61-475b-862d-f3f9968ac80d,makings.university,available,19.99,,70,3,7,name.com,,
0946dbfb-7127-4d74-b9b5-ae9034c19394,RosettaStone.university,available,77.98,,58,12,13,namecheap,,
0947cacc-fba9-406d-a6e0-f43720107899,havenot.university,available,19.99,,66,4,8,name.com,,
0947dcb6-17b3-48f3-a7b9-5f043d0167f4,goosebumps.university,available,19.99,,56,12,10,name.com,,
0964a94f-311a-48d4-a9da-5c98f37cd736,uptill.university,available,19.99,,50,1,7,name.com,,
096cd9b1-511e-4144-ae5f-b09a03ec0274,IsleofWightCounty.university,available,77.98,,52,2,20,namecheap,,
09845d0e-7cfb-4fd0-810d-799cd4173c74,settings.university,available,19.99,,52,12,8,name.com,,
098572a9-d721-43c4-8286-94ed5d1bf02f,breastmilk.university,available,19.99,,74,4,11,name.com,,
0995dbab-e0ec-43eb-8047-a2a9a5fef8d3,decoders.university,available,19.99,,50,5,8,name.com,,
09e973e3-d089-423f-85c2-74774fc9cf16,inhouse.university,available,19.99,,70,23,8,name.com,,
09ed8d0b-c71d-41bd-b47e-2bf2dcbe5eb7,turndown.university,available,19.99,,74,4,9,name.com,,
0a13d41d-3bd2-4f85-9117-62f1554aac02,complaints.university,available,19.99,,40,9,10,name.com,,
0a5ac709-bde8-4053-b6f7-c6c32895efa0,berries.university,available,19.99,,60,13,7,name.com,,
0a686de9-ee73-4e87-b2f1-cba89366bcf6,lordmayor.university,available,19.99,,76,1,10,name.com,,
0a904f6f-1d60-478d-830a-c6e9f6b91309,somuchso.university,available,19.99,,50,1,10,name.com,,
0a9bd115-b7ca-4b9d-abeb-298fd531d2b3,Germanfries.university,available,19.99,,82,1,12,name.com,,
0aee0ac5-db94-493c-b140-e025a673e4d8,thereandback.university,available,19.99,,44,4,14,name.com,,
0b07913e-b4e2-40ab-8ee1-2b11e7163377,grandchildren.university,available,19.99,,60,3,13,name.com,,
0b1054f9-6a0f-47ed-803f-2e034ec9dfaf,dogwalking.university,available,19.99,,94,8,10,name.com,,
0b48f624-6c01-48d8-9c67-49c9c3b6cd55,getoffwith.university,available,19.99,,76,1,12,name.com,,
0b5a3a81-362a-4796-bf1d-2fc2d7e4f7a1,astheycome.university,available,19.99,,56,1,12,name.com,,
0ba802ec-694f-42b1-a011-2f7fddf80236,playin.university,available,19.99,,80,10,7,name.com,,
0bbad5b7-9c15-4a82-a552-ccf805fbc90b,advantageground.university,available,19.99,,48,0,16,name.com,,
0bc2949b-e954-47f2-940c-4f017f7b6b36,gofigure.university,available,19.99,,54,7,9,name.com,,
0bcb9ef8-6433-4df1-aca2-f743020c7a1f,comeoutin.university,available,19.99,,70,1,11,name.com,,
0be2ac18-beba-489e-b0a3-7125788baefd,sawoff.university,available,19.99,,60,1,7,name.com,,
0beba244-66ab-4ed5-9a57-071e99504b08,failed.university,available,19.99,,60,11,6,name.com,,
0c030896-df07-44ca-9193-b3385455a4f8,getstraight.university,available,19.99,,77,1,12,name.com,,
0c107b79-8b08-4948-a4ba-34e9720593a2,daughters.university,available,19.99,,60,8,9,name.com,,
0c3c4399-9236-4c0d-8b2c-794322e04a12,keeptabson.university,available,19.99,,70,1,12,name.com,,
0c63a15e-6ca7-4f1e-9825-de557c3d3084,poreover.university,available,19.99,,62,1,9,name.com,,
0c65b13f-eba1-4211-8fdf-b28966c1e6ef,havenots.university,available,19.99,,60,5,9,name.com,,
0c6c04fa-a96b-428c-802f-a08373a14e04,finalrespects.university,available,19.99,,42,1,14,name.com,,
0c6e2820-0413-4662-a1b5-a41176e6964a,publicoffice.university,available,19.99,,69,2,13,name.com,,
0c9abb9b-8f11-444b-a4f0-b9f70210d376,feeltheburn.university,available,19.99,,76,2,13,name.com,,
0cb5b398-f658-43fb-93a7-2d74631f5f5b,asusual.university,available,19.99,,58,3,8,name.com,,
0cb672e0-dde8-4bbb-a28d-3aa0a1242147,getlaid.university,available,19.99,,76,6,8,name.com,,
0cc1d26e-cb90-4ca8-9832-4e2e1f63106c,reacted.university,available,19.99,,52,3,7,name.com,,
0cf6aa1f-976c-4368-b7e7-f0d5bb75233f,cheeseontoast.university,available,19.99,,64,1,15,name.com,,
0d0129b3-a1f8-4f53-8ee6-78c93288966e,Idodeclare.university,available,77.98,,58,2,12,namecheap,,
0d12cffd-4840-4a56-8d95-ebb0d88024a6,fanmail.university,available,19.99,,74,7,8,name.com,,
0d39f890-6fb4-41b7-8b46-38ab7a366376,lordover.university,available,19.99,,72,1,9,name.com,,
0d44d6b4-19d1-4cf1-a28b-c37c73d93670,synthesized.university,available,19.99,,57,3,11,name.com,,
0d6a3550-187d-47ad-ae85-ed988c1e7e7d,placeupon.university,available,19.99,,48,1,10,name.com,,
0d72c9cc-88d4-4cfb-bfa2-6d9c61db8a39,Tabascosauce.university,available,77.98,,57,1,13,namecheap,,
0d8c15ce-2e8d-43ef-8035-a75a4c9e9071,introduces.university,available,19.99,,58,2,10,name.com,,
0d965470-ba08-4109-8889-3076b9661f63,onthemove.university,available,19.99,,72,10,11,name.com,,
0daf90b6-211d-47c8-8444-fb040ed8269e,getoffeasy.university,available,19.99,,58,1,12,name.com,,
0db8e25a-5602-4c59-9204-7edb929c884a,Caliorbust.university,available,77.98,,56,1,12,namecheap,,
0df7087a-c7e3-4b34-8803-8b77d2702712,owns.university,available,19.99,,56,8,4,name.com,,
0e14f9bb-da97-4839-88f2-b63224c95205,facilities.university,available,19.99,,77,10,10,name.com,,
0e1d51fa-1fe8-442e-a729-d25e237256af,moveforward.university,available,19.99,,76,9,12,name.com,,
0e3b44a1-ddf3-49eb-acfa-8dfaab471dc6,organdonation.university,available,19.99,,72,2,14,name.com,,
0e42c61e-7ce8-4373-ab37-55c2503018dd,murmured.university,available,19.99,,56,2,8,name.com,,
0e46919e-6f4b-418e-a8e2-a8026179c3dc,thedamn.university,available,19.99,,38,1,8,name.com,,
0e4f6c99-0ac6-4bdb-9907-a04111c803f9,clearstuff.university,available,19.99,,70,1,11,name.com,,
0e5f6501-7e67-4db0-b90d-5705dfca657a,surprises.university,available,19.99,,64,4,9,name.com,,
0e66caa8-615b-4754-ac90-d1193135e6d7,walked.university,available,19.99,,60,5,6,name.com,,
0e6be402-de80-4142-855b-fe4020297c90,mortgages.university,available,19.99,,50,16,9,name.com,,
0e85a0fb-1687-46d0-861e-233792fa6c4e,strips.university,available,19.99,,51,7,6,name.com,,
0eeb97c5-f1c8-46da-88e2-dae6c201af52,homes.university,available,19.99,,86,34,5,name.com,,
0ef348af-dba2-4413-a8de-99f60dcd03bc,bosses.university,available,19.99,,54,8,6,name.com,,
0eff0f6c-ddac-48b9-a371-2637361f51a1,mosquitoes.university,available,19.99,,42,4,10,name.com,,
0f04e1b9-f3c0-49ff-8ac8-3c4701424f1e,norms.university,available,19.99,,45,7,5,name.com,,
0f4eff5c-3def-418a-bc95-1ef3529f0c6d,inyourdreams.university,available,19.99,,40,3,14,name.com,,
0f6f2eea-31f5-4455-9c73-b0888d4b94c0,stuffit.university,available,19.99,,44,5,8,name.com,,
0f739e41-e6bf-4f31-a057-82ba5744c294,weddingcake.university,available,19.99,,85,5,12,name.com,,
0f768ed4-2b91-4514-af18-3861506f06b7,highwater.university,available,19.99,,66,7,10,name.com,,
0f79e349-1767-44fd-a649-04db19750e2c,rubs.university,available,19.99,,52,6,4,name.com,,
0f97afd3-d469-4536-a05d-962207b412e0,lists.university,available,19.99,,60,14,5,name.com,,
0fbc6ec3-a38d-4de5-8fb1-7d2e34af273d,chickenout.university,available,19.99,,74,1,11,name.com,,
0feb91f4-02f7-4d1a-aa91-c8328d172b97,porkroast.university,available,19.99,,59,0,10,name.com,,
0ff2ae90-ee20-48ee-8346-045fc9e2b881,purses.university,available,19.99,,53,7,6,name.com,,
1030d02d-920a-4250-8713-e10ad81a78e9,replaces.university,available,19.99,,55,3,8,name.com,,
1062f754-2524-45d1-bd5c-8bd2e99a595f,fullfrontalnudity.university,available,19.99,,48,1,19,name.com,,
1063f99b-2902-4e48-a341-cf90c1d6a6d9,gets.university,available,19.99,,60,15,4,name.com,,
1076f3f3-90b5-452c-bd1e-a704aaa0776e,gofar.university,available,19.99,,76,10,6,name.com,,
10a0f497-bcbc-43e3-91f9-5fae69fa3b00,hammerout.university,available,19.99,,70,1,10,name.com,,
10af2adc-c9f7-4ea6-830d-03f4ed0c9769,seems.university,available,19.99,,58,8,5,name.com,,
10cb3aee-11d1-440a-9b91-2a59b94a580c,specialness.university,available,19.99,,70,1,11,name.com,,
10d1d397-2e55-41c8-a70a-b87d4cd01bfb,bases.university,available,19.99,,54,9,5,name.com,,
10d8ee6e-c850-4dea-bbbb-474e2ddacbb6,pieces.university,available,19.99,,62,12,6,name.com,,
10d9cd8d-229b-411b-a616-2264db7087f8,aloevera.university,available,19.99,,80,10,9,name.com,,
10ee7200-0739-4418-bea5-e71ecc6d1745,overrated.university,available,19.99,,60,6,10,name.com,,
110f1923-37de-4cf1-939f-f6031cb9abb0,comicrelief.university,available,19.99,,80,5,12,name.com,,
1137071f-0ab9-41f8-8b41-ec3f2de563f9,breaks.university,available,19.99,,52,10,6,name.com,,
114ad9d0-7353-4294-a219-14ffa5ba745a,sighed.university,available,19.99,,56,2,6,name.com,,
11599778-ae41-4bd7-89b7-ccb18c8c7a13,grandnephews.university,available,19.99,,66,1,12,name.com,,
116b68a0-5341-4ebd-8532-079c91866668,reaches.university,available,19.99,,70,5,7,name.com,,
11722f09-7640-4528-92b7-d2362075d54a,getthehint.university,available,19.99,,74,1,12,name.com,,
1191c2fc-ea74-47da-923f-8b53c430eb1b,sqmi.university,available,19.99,,54,2,5,name.com,,
119fe5a8-9d4a-4abf-94b1-3c597651ec7a,pulls.university,available,19.99,,52,6,5,name.com,,
11d86ea7-91ab-4892-826c-ea895b7f5e9e,sizes.university,available,19.99,,50,5,5,name.com,,
11f024a2-7b03-41d4-9ce5-e3058fe974c7,goaroundthehouses.university,available,19.99,,60,0,20,name.com,,
11facb80-84b4-490c-a109-dba6a5262e01,windowshop.university,available,19.99,,83,5,11,name.com,,
1206bffc-b660-4559-915f-495e7cfe591f,Itellalie.university,available,77.98,,58,1,12,namecheap,,
121c1b3b-4eb7-45e2-9773-f2453ee1b513,ohmygoodness.university,available,19.99,,50,4,14,name.com,,
121c2b34-1f7b-4b47-af81-e5a7c7b00651,baseplate.university,available,19.99,,66,7,10,name.com,,
121c3dde-c13d-44df-9310-af58720ab40d,natives.university,available,19.99,,56,9,7,name.com,,
124ad5f5-38a9-48b1-8da0-460e9e2dddd6,webs.university,available,19.99,,56,21,4,name.com,,
1251d75e-2ae2-4fa7-b626-968d855a1e0b,dropabombshell.university,available,19.99,,58,0,16,name.com,,
125cd475-a4c5-431e-a487-9886950a98c8,getthememo.university,available,19.99,,74,1,12,name.com,,
12620d4c-a71d-4ee3-804c-fab2e3041876,Cheddarcheese.university,available,77.98,,66,2,14,namecheap,,
12cc3901-23c8-42a1-b2fb-a07647efd682,pushup.university,available,19.99,,72,9,7,name.com,,
12d0ec58-15ed-470d-aa80-9dd7cf684ad4,modernschool.university,available,19.99,,48,2,13,name.com,,
12dd1825-6442-4619-8e54-9063bf8c009c,partitioned.university,available,19.99,,48,2,11,name.com,,
1318fb2f-f31b-4b1a-ab6f-7794b880deeb,ebooks.university,available,19.99,,62,19,6,name.com,,
1325a734-cf26-4e7d-bc51-5fb9ad4911b2,nodded.university,available,19.99,,56,2,6,name.com,,
135ea6c5-aa09-4ebf-b330-06753b12f2e8,MiddleEasterner.university,available,77.98,,62,1,16,namecheap,,
13a5071e-9199-4cb5-a9ef-dc0e6daba7d4,midlifecrisis.university,available,19.99,,58,9,15,name.com,,
13b8108a-4622-4574-aa06-9f0419044a18,dogsick.university,available,19.99,,90,1,7,name.com,,
141375d4-ef16-491d-80ce-9f64018c7577,specks.university,available,19.99,,44,5,6,name.com,,
1425fe07-a5a7-4e16-8c67-8260378dbb09,parkin.university,available,19.99,,59,8,7,name.com,,
1445bed9-59cc-4e19-b8c0-51d41a985435,insuchaway.university,available,19.99,,44,1,13,name.com,,
1466c278-86ae-4e41-81c9-c93529d6dab6,letsomeonego.university,available,19.99,,69,1,14,name.com,,
147fce7e-9ab3-413f-bad7-6c03202951f7,packages.university,available,19.99,,54,13,8,name.com,,
1487665c-53ff-4a9b-8729-9768694b8f50,signover.university,available,19.99,,69,1,9,name.com,,
14b23738-2359-4066-8c08-1f4cb4fe698e,comeintoeffect.university,available,19.99,,70,0,16,name.com,,
14e05e2b-ab4c-4a7d-93da-768f40f5fcdd,grouptherapy.university,available,19.99,,72,4,13,name.com,,
14fd7671-bbb1-4bae-b675-1b8b3bdfe051,goberserk.university,available,19.99,,68,1,10,name.com,,
15230348-c4fa-46c4-9459-de8074abf08f,manyhappyreturns.university,available,19.99,,46,2,18,name.com,,
152c0699-c5c0-4077-b6c8-34a740bb5d55,likemad.university,available,19.99,,70,0,8,name.com,,
152c2a9a-a0cb-4f42-82d8-5d2c720bca49,holdings.university,premium,123.75,,52,14,8,name.com,,
15458ff5-10b3-4a5c-850e-62341bcb69a9,porkbacon.university,available,19.99,,58,1,10,name.com,,
1546e6d8-42d2-4460-ae08-bc9e570c38f4,loops.university,available,19.99,,70,19,5,name.com,,
15486eb0-2819-458e-a83f-f2e312be310f,skulls.university,available,19.99,,44,8,6,name.com,,
156432ec-fdda-4e51-9482-c764422f5d40,breastcancer.university,available,19.99,,58,9,13,name.com,,
1568cc0a-3eb1-47fe-9979-fa1bcf8f9d33,coffeebush.university,available,19.99,,80,1,11,name.com,,
157a4adb-b388-49c3-88c9-ded254022ce6,gototherestroom.university,available,19.99,,56,1,18,name.com,,
15c840e7-481d-4345-94a2-2899d4cc0e57,datadomain.university,available,19.99,,52,4,11,name.com,,
15d363c6-a959-4e7a-8110-934dbff7bde7,suppresses.university,available,19.99,,44,1,10,name.com,,
15d49d88-0ab6-43bb-a7d3-8a704db892c5,divineinspiration.university,available,19.99,,56,1,18,name.com,,
15e22af7-5ae8-44f3-b6f2-e438ab0a90fb,makesaneffort.university,available,19.99,,52,1,15,name.com,,
160684ed-589f-46e0-875d-596f91d0daaf,takeaways.university,available,19.99,,56,5,9,name.com,,
160b7396-1120-4e8b-8c8b-24be5049f746,onspecial.university,available,19.99,,52,2,10,name.com,,
161907f6-b5b4-40fd-b4f3-7a5166b4e33b,skirting.university,available,19.99,,64,3,8,name.com,,
16348709-35d3-48df-bcda-53639c85ffd3,investors.university,available,19.99,,60,23,9,name.com,,
164bae70-f177-435e-9b24-f30c3362dcf0,types.university,available,19.99,,54,14,5,name.com,,
164c10fe-f205-4110-8b7f-9f2289e41ade,gorogue.university,available,19.99,,64,4,8,name.com,,
16790f60-610c-4bf6-ba64-0bc0f0a137f3,makeof.university,available,19.99,,76,1,7,name.com,,
16a7b632-8d38-4476-b067-ef9051e1391d,dataflow.university,available,19.99,,70,16,9,name.com,,
16ae6bd5-8e4b-4c41-8997-01c69f60f48a,updates.university,available,19.99,,54,15,7,name.com,,
16b70e81-e5bf-42db-a9b3-12158e284678,haveityourway.university,available,19.99,,56,6,16,name.com,,
16bbc1a1-46db-4d9d-b572-3a4caae9d86f,letup.university,available,19.99,,74,3,6,name.com,,
16df5121-360c-4a6d-8892-c4d49d0e759d,prefers.university,available,19.99,,52,3,7,name.com,,
16ee0087-e1ce-47c8-a4eb-2952999518d5,chalkboards.university,available,19.99,,52,2,11,name.com,,
16f0ca37-2d2c-4287-b8af-4a5cf30b372e,pairofspecs.university,available,19.99,,62,1,13,name.com,,
16ff1b7b-e5f7-48f0-a18b-97fff93b04c9,menus.university,available,19.99,,54,14,5,name.com,,
1711c362-feca-45fa-9a9b-b7c3407fb2ab,generallyspeaking.university,available,19.99,,58,2,18,name.com,,
17402259-039a-4e2a-8032-1872a2c4c987,pestcontrol.university,available,19.99,,74,18,12,name.com,,
174ba939-4e08-4c1d-b36b-8f4a780f7d38,SouthTyrol.university,available,77.98,,66,6,11,namecheap,,
176401e2-4fa4-4be7-a137-74ca9665ae35,collars.university,available,19.99,,58,6,7,name.com,,
176cb75d-75fc-46a0-883a-04b8e43ccd37,proves.university,available,19.99,,56,3,6,name.com,,
17795b99-be24-4d7c-8a16-f5b42054ed34,midafternoon.university,available,19.99,,80,1,12,name.com,,
177fd5e7-718d-43cc-86ec-5e9ae85804f7,backsomersault.university,available,19.99,,50,1,15,name.com,,
17888fa8-b3a0-4640-a0cb-af29c6829ede,disappointment.university,available,19.99,,50,4,14,name.com,,
17992966-b448-4412-892a-68e056490f78,takeout.university,available,19.99,,75,16,8,name.com,,
17b489b0-cabc-490b-9e13-37afe9773e3c,comedians.university,available,19.99,,56,4,9,name.com,,
17bed39f-6ecf-4886-87b5-0e58cc2f4243,replying.university,available,19.99,,52,3,8,name.com,,
17dfe2f0-d30a-42a9-bc5f-1da21220db2c,tourists.university,available,19.99,,58,7,8,name.com,,
180e72cf-9dbe-4536-978b-d76ceae72362,excitingness.university,available,19.99,,68,1,12,name.com,,
181d2291-46f3-4483-b9fc-69325cd6dd19,holidays.university,available,19.99,,78,23,8,name.com,,
182afc9c-7779-4394-9417-601910da1942,keepitmoving.university,available,19.99,,68,5,14,name.com,,
1838439b-0064-4b28-afd3-06f5497a3f39,plz.university,available,19.99,,72,14,3,name.com,,
184ccb6e-4a3a-4d84-b13a-73c0183bd732,cycles.university,available,19.99,,52,13,6,name.com,,
185e5593-f4bd-4df1-86fe-eefbe548f7d7,getup.university,available,19.99,,82,14,6,name.com,,
187782d3-f260-4dc6-ab1c-d60cc82b93b8,permitted.university,available,19.99,,64,5,9,name.com,,
1896d0f5-9c2d-413c-b3a2-04741db402c7,smashdown.university,available,19.99,,58,2,10,name.com,,
18c1f155-b30e-4a77-b158-5b004f9fe9b7,getoutta.university,available,19.99,,54,1,9,name.com,,
18dd008a-c86a-4c0b-9ed2-0b22a73c13a9,calendars.university,available,19.99,,50,13,9,name.com,,
18f34f53-06d9-4d86-838f-8bf16e1351c4,cometoastop.university,available,19.99,,62,1,14,name.com,,
19025b25-35b2-4069-aa7f-05789de272cb,mornings.university,available,19.99,,64,6,8,name.com,,
190bd6b2-8234-4335-b178-36cc80fbeb06,waxpaper.university,available,19.99,,66,2,9,name.com,,
1918fcff-132f-4eba-9d1f-1fc2587595c2,wears.university,available,19.99,,62,7,5,name.com,,
1926cd03-f129-43ad-bbbb-ceda548c5748,pans.university,available,19.99,,52,8,4,name.com,,
192c36a2-0271-4d18-bc7c-b61c91236237,demonstrated.university,available,19.99,,68,3,12,name.com,,
1939c008-7e5c-4c62-83f6-b20ebb6f4fcb,sharps.university,available,19.99,,70,9,6,name.com,,
1950ade5-7913-40cc-a531-c88b9eb77c95,keepsomebodyposted.university,available,19.99,,46,0,20,name.com,,
19541156-7689-40fc-8e77-86966db42087,TwinTowers.university,available,77.98,,66,4,11,namecheap,,
1970485f-eeeb-4e76-ada5-7a98ce4551a8,getoneoveron.university,available,19.99,,64,0,15,name.com,,
199cbec0-61c8-4960-8a91-0bed76b68596,arguments.university,available,19.99,,54,7,9,name.com,,
19e0bda0-f515-4acd-9adf-0912da468cb3,notices.university,available,19.99,,48,6,7,name.com,,
19e59199-cdf7-4c3f-ac7c-75c30ea0fbed,keepfaith.university,available,19.99,,82,3,10,name.com,,
19e63272-de31-498d-a3b1-9cf1b5d89e69,leavenocrumbs.university,available,19.99,,70,1,15,name.com,,
1a1b1b31-79be-4586-8415-981f77d46337,ventilators.university,available,19.99,,48,4,11,name.com,,
1a2d2230-b9f1-4e6d-b50e-57400cdee189,gingerbread.university,available,19.99,,80,10,11,name.com,,
1a501a5a-c1b5-4abb-b0b8-914547bc7331,turnorburn.university,available,19.99,,56,1,12,name.com,,
1a7eb64e-1114-4fab-b49e-0c9da48169bd,salts.university,available,19.99,,56,7,5,name.com,,
1aa91c94-b085-4b4c-8a39-3e3d1e28bf05,scoopout.university,available,19.99,,48,1,9,name.com,,
1ac1d9f0-1918-40a5-b4bd-b07f12c84468,commonrun.university,available,19.99,,68,1,10,name.com,,
1acc0884-c13d-4fee-9c0e-dbcaedba511e,planets.university,available,19.99,,60,13,7,name.com,,
1ad520d8-ff41-4fb9-add3-75624a795c88,differed.university,available,19.99,,48,2,8,name.com,,
1ad9b50d-e621-4974-8d36-ab917e211bbe,ladiesandgentlemen.university,available,19.99,,70,3,20,name.com,,
1b154956-4480-4f61-b268-5d7e3b18c46a,pairofhands.university,available,19.99,,64,1,13,name.com,,
1b3ac037-9dc9-47e7-aac0-48b8b4671a75,comments.university,available,19.99,,52,10,8,name.com,,
1b58b90d-5834-4d93-8225-82e977495001,gooutlikealight.university,available,19.99,,62,1,19,name.com,,
1b912a56-edcd-457e-8a5f-000531517051,remedied.university,available,19.99,,58,1,8,name.com,,
1bc5eed0-8133-4b8a-bae3-79c721f1bdd9,getoveron.university,available,19.99,,72,1,11,name.com,,
1bc7da36-020d-469d-b9fd-e26a6e9a1585,nauseousness.university,available,19.99,,58,1,12,name.com,,
1c052e33-c69f-4d07-86e5-535eccae051e,reston.university,available,19.99,,75,10,7,name.com,,
1c1d973b-dd6e-435f-b4e6-c958239ddfb0,extras.university,available,19.99,,56,11,6,name.com,,
1c2e987f-4052-4e91-9672-d6afa90d2b27,intandem.university,available,19.99,,72,7,9,name.com,,
1c356f4b-df5e-48ae-805d-6de540aef3a2,commonhousefly.university,available,19.99,,42,1,15,name.com,,
1c6095ea-ab8d-4885-b266-254577dce16f,blogs.university,available,19.99,,52,21,5,name.com,,
1c7b4a2e-cbc3-4736-a975-3326e657aea1,traps.university,available,19.99,,68,7,5,name.com,,
1c8d9cfb-170c-415f-890b-77ed4631b6ed,temporarily.university,available,19.99,,62,4,11,name.com,,
1c955bae-a17b-4dd4-afde-7becde79bf2c,pickups.university,available,19.99,,50,5,7,name.com,,
1cbd47b6-ce75-4984-901c-d8b1f1623e82,engines.university,available,19.99,,58,11,7,name.com,,
1ce86220-8683-4133-a3d7-e579d3bef500,hospitals.university,available,19.99,,64,10,9,name.com,,
1d1b6a7a-d1b5-4404-befe-cfed3b2a41cc,troublefree.university,available,19.99,,66,6,12,name.com,,
1d3fdb7e-4333-4abd-81ad-411575979c5d,affects.university,available,19.99,,54,4,7,name.com,,
1d4deec6-76ae-4097-8cfd-a425f05c9286,onlyjust.university,available,19.99,,49,2,9,name.com,,
1d5a7059-f076-448e-adda-0151f93c72d4,mistakes.university,available,19.99,,52,7,8,name.com,,
1d5e7b75-2393-499c-a4f9-76162b727001,waitout.university,available,19.99,,63,1,8,name.com,,
1d5fe95e-e1f8-4e30-abac-4e9de5fad1b1,couldhavesworn.university,available,19.99,,44,0,16,name.com,,
1d6cbe19-2f9c-4071-bca3-2328dfa04a41,views.university,available,19.99,,62,18,5,name.com,,
1d81fed8-fc9e-4511-98a4-1cd8eaf101d7,resulted.university,available,19.99,,46,2,8,name.com,,
1da648cb-1bc0-4857-96db-6b2159cfef32,toneup.university,available,19.99,,80,5,7,name.com,,
1db9c7f7-968f-4a9c-b435-61f49c106ad1,teamsport.university,available,19.99,,73,7,10,name.com,,
1ddcd504-aa65-4079-a0b4-e203ea1c9980,instep.university,available,19.99,,72,7,7,name.com,,
1de4361a-ec53-4d39-b7f0-fe95d4135a69,posterpaint.university,available,19.99,,74,2,12,name.com,,
1df5bb03-4ecf-4431-97c8-42c7da890c41,costofgoodssold.university,available,19.99,,62,1,18,name.com,,
1df8ca33-28e3-433c-8710-d2c2c412d027,surfacemail.university,available,19.99,,67,1,12,name.com,,
1e57c5d3-4843-4e4c-a685-e2548ab162d8,heroes.university,available,19.99,,68,29,6,name.com,,
1e5fd42d-2752-46a3-ac7c-80f9b1123fc3,Sundays.university,available,77.98,,61,17,7,namecheap,,
1e68f921-5d26-434e-bc12-53d398ec8344,elephants.university,available,19.99,,68,9,9,name.com,,
1ec87b56-36c1-4389-9e3f-bd5575aa184f,responded.university,available,19.99,,52,2,9,name.com,,
1ef4b8d2-4e60-4f90-af78-9fc85bc35e92,brosbeforehoes.university,available,19.99,,38,1,16,name.com,,
1f045b28-c9fd-4fb6-9b08-4a933508e89d,majoritycouncil.university,available,19.99,,48,1,16,name.com,,
1f357e03-fd80-4f92-a0b8-6c714cab8cf6,beaches.university,available,19.99,,72,14,7,name.com,,
1f381d81-d8a9-44e4-8480-0ace53fd7aa0,fellowhumanbeing.university,available,19.99,,44,1,18,name.com,,
1f3d84de-ca94-4cec-b39a-ab9d83cda897,instore.university,available,19.99,,74,12,8,name.com,,
1f5b5440-b746-4088-9af3-231bb01d8301,splits.university,available,19.99,,70,9,6,name.com,,
1f609aae-22b5-4051-8b1c-9e3f634d2df2,CountyofJefferson.university,available,19.99,,44,0,19,name.com,,
1f73fa5c-6a9a-4220-9331-88e9faaf640a,proceeded.university,available,19.99,,60,2,9,name.com,,
1f74c2e4-9a73-4593-a1f4-0ab5a96104b1,manualworker.university,available,19.99,,42,0,13,name.com,,
1fa614d2-6301-4220-a96f-1312681de5ff,takealeak.university,available,19.99,,63,1,11,name.com,,
1fa71570-fb37-4847-9635-0e274963fe72,letitbe.university,available,19.99,,89,7,9,name.com,,
1fc76cea-255e-48c3-b0f2-b5e49ed91067,counterfeits.university,available,19.99,,40,2,12,name.com,,
1fcbb3aa-5721-4c5c-a891-49dd671df28a,getoveroneself.university,available,19.99,,62,1,16,name.com,,
1fd7eeb1-b06e-419e-b8d1-3917530e6373,users.university,available,19.99,,54,18,5,name.com,,
200e500f-5690-422a-bf16-5dd3ecdfefc8,getjiggy.university,available,19.99,,80,2,9,name.com,,
20210f99-a21c-48e1-86b0-c0a73d74f0cb,makeitmakesense.university,available,19.99,,50,7,18,name.com,,
203bdf53-a826-4222-b1c8-7965a5c62964,parkertruss.university,available,19.99,,48,1,12,name.com,,
2046febc-8d25-4917-b9b5-1bcb5c7dae85,equalization.university,available,19.99,,74,1,12,name.com,,
205252d6-ffe3-4880-b580-e4728e81dda7,shoveover.university,available,19.99,,59,1,10,name.com,,
207db375-fad6-4634-9bf9-48f764257936,moveit.university,available,19.99,,77,13,7,name.com,,
2088fe5a-dffb-4212-82aa-808a489bd014,costefficient.university,available,19.99,,60,1,14,name.com,,
20a48e66-d521-48b9-842d-be0a85b3b165,spillover.university,available,19.99,,68,4,10,name.com,,
20c17632-25f1-4ad6-af66-4c797a21575a,brings.university,available,19.99,,52,8,6,name.com,,
20c6455b-9b92-439d-9532-7a39cf4994ff,estimated.university,available,19.99,,50,5,9,name.com,,
20ddf603-d9bd-4dd1-99d3-601679f470ba,havetheupperhand.university,available,19.99,,46,1,19,name.com,,
20e6c5df-2224-44e4-a8b7-8445e123752c,deepbreathing.university,available,19.99,,74,2,14,name.com,,
20e8192c-9c13-4374-a4a4-b1578e505337,overdressed.university,available,19.99,,64,3,12,name.com,,
20ef08cb-0bb2-4e4c-9b77-58784984ba9c,bonappetit.university,available,19.99,,86,8,11,name.com,,
2137ce6f-acd3-4d29-a919-d69701c88ebc,continents.university,available,19.99,,50,5,10,name.com,,
21514696-1ac2-42e9-9e68-05395a82948b,asthewindblows.university,available,19.99,,40,1,17,name.com,,
21651d3e-a579-477d-af14-bca26d3fc46d,CountyofHawaii.university,available,77.98,,50,1,16,namecheap,,
21af4829-b991-41d6-b8c1-d62b0aba4c3f,comes.university,available,19.99,,70,8,5,name.com,,
21c810fc-f2a5-42df-ae4a-509dc18f1690,pickupline.university,available,19.99,,76,2,12,name.com,,
22346619-a99f-458a-95db-c5ddd6ac8ea8,peas.university,available,19.99,,51,10,4,name.com,,
224f1fb8-3ffe-4c35-ba7b-5d8102535341,Cathy.university,available,77.98,,66,14,5,namecheap,,
224f9c4e-897f-4b99-8d10-62c94f815a84,justthen.university,available,19.99,,62,1,9,name.com,,
226569e8-2ee7-4ed6-b765-f0b827af9399,smashinto.university,available,19.99,,38,0,10,name.com,,
2288641d-5d26-4c00-a3be-dabd0b4148cb,planes.university,available,19.99,,67,13,6,name.com,,
22a68a07-d3f4-4cda-8f7c-5e3514e19300,sucks.university,available,19.99,,48,11,5,name.com,,
22bd1eed-50a6-4a9c-829c-08f3b69b1cd1,wellbuilt.university,available,19.99,,78,7,10,name.com,,
22c0f53d-27d9-431c-9b1e-64a84f75eeaa,accounts.university,available,19.99,,54,19,8,name.com,,
22d8e320-724d-4cb8-9f85-390ea5c251c4,tunnelvision.university,available,19.99,,60,9,13,name.com,,
231c70ac-e508-4520-929d-94700b0915e6,setin.university,available,19.99,,68,5,6,name.com,,
231da56e-51c2-4975-83d4-e6bbdbdc3588,youwish.university,available,19.99,,60,5,8,name.com,,
2324acab-17f6-4acf-aa29-d86878f31f50,AmazonRiverdolphin.university,available,77.98,,72,1,20,namecheap,,
232e6f10-510a-4fa5-a4d8-24fbdf5dfd8d,arrives.university,available,19.99,,50,3,7,name.com,,
23599617-6f7c-422c-9f9b-594f86ccf01d,swaps.university,available,19.99,,50,10,5,name.com,,
23ac8b4a-3016-4307-9251-7a9da298b3b5,goastray.university,available,19.99,,66,1,9,name.com,,
23bd5400-5443-413d-84fe-3b62433e578a,piledup.university,available,19.99,,52,1,8,name.com,,
24043a64-6a8e-482d-80ad-ba10da50d518,rented.university,available,19.99,,54,8,6,name.com,,
240d144d-a32b-40ca-9c9a-dc05c7086c5b,pills.university,available,19.99,,56,15,5,name.com,,
2442dd09-f6c3-4eaa-a835-7cb0bb75a9de,fights.university,available,19.99,,55,9,6,name.com,,
244f0285-783f-4a38-8b75-334e8afe1734,goforth.university,available,19.99,,74,11,8,name.com,,
246ad3ff-980c-4dbd-85db-0e581a882a4d,devoting.university,available,19.99,,56,2,8,name.com,,
2473da67-d7c3-46a1-be1a-7d75e5e4f4d4,onejoke.university,available,19.99,,70,1,8,name.com,,
24845e28-e40e-44cc-b1d5-ad772aa92556,havenoneofit.university,available,19.99,,56,1,15,name.com,,
24919215-b5e2-47e3-965e-30758f9cc4ce,communities.university,available,19.99,,68,19,11,name.com,,
24958bea-80aa-4a8e-9059-383166fbdf38,explains.university,available,19.99,,50,4,8,name.com,,
24c28613-a87f-4473-b77d-a6f420c44588,passports.university,available,19.99,,59,10,9,name.com,,
24c4d933-c512-4f2a-9854-b43899ef7bc4,gowithGod.university,available,77.98,,68,2,11,namecheap,,
24d5b451-3dba-42e4-9cf0-13799bea23be,sucked.university,available,19.99,,54,4,6,name.com,,
24f43927-44af-4daa-b7f3-47e65e5b07b7,scenes.university,available,19.99,,54,8,6,name.com,,
251007cf-75f3-45a2-9e9f-2ed2206f1529,BlackWallStreet.university,available,19.99,,44,9,17,name.com,,
251b8a68-0cdb-421a-b888-054891598047,neighbourhood.university,available,19.99,,70,14,13,name.com,,
2547807b-b4d9-4e83-80c2-ca2bd5b276f2,daydreams.university,available,19.99,,62,10,9,name.com,,
25759c00-e54f-49b2-aba2-0dcb0989bb70,satellites.university,available,19.99,,59,8,10,name.com,,
25963341-efbc-4297-8692-5e2948646e2a,rages.university,available,19.99,,40,4,5,name.com,,
25aad216-9b2b-43c8-8b85-93c423214bcd,goonvacation.university,available,19.99,,48,1,14,name.com,,
25d556ae-325c-4fc7-92bd-4b5999c010d7,fillintheblanks.university,available,19.99,,64,2,18,name.com,,
25d8c25a-bc2c-4403-9709-7166394cc566,letpast.university,available,19.99,,75,1,8,name.com,,
263d03cc-f9ed-4a9b-a9c4-02783f1ab7d3,goawry.university,available,19.99,,66,0,7,name.com,,
2662821c-6e9d-4eec-87c1-8715cc3ab07d,waitforit.university,available,19.99,,43,4,11,name.com,,
26710e76-382b-4898-94d1-b8924f6c7e06,dogsledding.university,available,19.99,,76,2,11,name.com,,
2677fd50-cc7e-4d52-9c52-043b4ac5e654,onfire.university,available,19.99,,50,12,7,name.com,,
26e11df8-bab0-42ae-abe9-45ec08d60564,vans.university,available,19.99,,55,17,4,name.com,,
26f18c30-8a32-4d63-95d8-7abde4a6a237,orderarms.university,available,19.99,,70,1,10,name.com,,
2715fc96-7d74-4fef-a3cc-9c036994d336,actions.university,available,19.99,,54,15,7,name.com,,
2732c565-2d61-42b1-b9b9-0efba99b1e8f,potatochips.university,available,19.99,,54,5,12,name.com,,
273c2fce-011c-4361-b567-3492076391d1,gothewholehog.university,available,19.99,,62,1,16,name.com,,
2753fa7a-aa78-425e-a82c-26a8944a37e0,sneezes.university,available,19.99,,50,2,7,name.com,,
27551a76-fe22-4373-842c-485d3314e03d,rumcake.university,available,19.99,,81,3,8,name.com,,
27be7da1-2bc3-41b0-84e9-5c0e9869e96f,turninto.university,available,19.99,,86,2,9,name.com,,
27c73f48-8904-452d-af9c-8ca8acd05044,screwdrivers.university,available,19.99,,52,4,12,name.com,,
27fe4bfb-dfbd-481b-bc5c-ba9d15a48aef,intrinsicvalue.university,available,19.99,,66,4,15,name.com,,
28075201-50b2-432d-856b-d3621481c5b0,posters.university,available,19.99,,60,13,7,name.com,,
2827c0e1-2c3f-4038-a326-dca087430a74,getmoving.university,available,19.99,,84,7,10,name.com,,
2846456a-7b73-4333-ad10-8192d779a8de,keyserver.university,available,19.99,,70,4,10,name.com,,
2848668a-ab8e-40ed-ac21-1e95c35c10e8,filesize.university,available,19.99,,64,2,9,name.com,,
2852afcb-af94-4285-bf9b-c4d7be20f783,keepoff.university,available,19.99,,70,2,8,name.com,,
2882c8d7-aa87-4e68-865f-7f4ad120c210,differences.university,available,19.99,,52,4,11,name.com,,
288d169b-475b-4e64-9003-524331c28af6,iftruthbetold.university,available,19.99,,54,1,16,name.com,,
28abf8a8-95ce-487f-b7c4-fc31867b9923,steerclear.university,available,19.99,,80,2,11,name.com,,
28b56645-32b9-45c4-90c4-d842f9a34367,chem.university,available,19.99,,74,24,4,name.com,,
28bcf0cc-5cd2-46b0-ab2c-7ed8f94c5fd3,rugbyfootball.university,available,19.99,,68,2,14,name.com,,
28d4f03b-2611-489b-9f7f-89da517d24eb,shortcuts.university,available,19.99,,48,41,10,name.com,,
28d89627-ae52-4192-8452-2b3484efc59d,estimates.university,available,19.99,,50,7,9,name.com,,
28e1756f-f995-47f8-a2a5-261fcf971a26,decideon.university,available,19.99,,76,2,9,name.com,,
292ac278-b9ba-4407-9437-fc3c714aa751,behindschedule.university,available,19.99,,38,1,15,name.com,,
292cfb0a-6e7c-46dc-9bf5-a193528a837d,coffeeroyal.university,available,19.99,,80,1,12,name.com,,
294a9327-d069-44e9-bb93-36717cc30a7f,pens.university,available,19.99,,48,12,4,name.com,,
2956b2d9-08ff-4ebd-bcde-11e4415ccbe6,estatetrustee.university,available,19.99,,42,2,14,name.com,,
29631679-11ef-424b-a563-051156bd3be0,niches.university,available,19.99,,53,6,6,name.com,,
29795d26-a5ec-484e-bb84-116643776943,estates.university,available,19.99,,50,16,7,name.com,,
298934e7-0ca3-40d9-8e49-db6fbc4a7e44,rakeup.university,available,19.99,,66,2,7,name.com,,
29968e17-2347-44f7-8e32-e77342ced9fd,chickenfriedsteak.university,available,19.99,,72,1,19,name.com,,
29c1d1f4-0e56-4757-9636-7be7383a0728,thickskinned.university,available,19.99,,52,1,13,name.com,,
29dcaca1-224b-4d06-b5af-f7433a6a8eab,noless.university,available,19.99,,62,4,7,name.com,,
29eba552-8de3-43ce-b8be-d333975be47c,nowonder.university,available,19.99,,78,3,9,name.com,,
2a05fb90-1784-4ca1-b2e4-f23730ad65f6,necessities.university,available,19.99,,58,4,11,name.com,,
2a0c45f6-5428-4a45-9261-2151bc8e1ab3,officemanager.university,available,19.99,,49,5,14,name.com,,
2a0cd7de-a4d6-4b91-b8ad-2508a14eba58,receptions.university,available,19.99,,53,4,10,name.com,,
2a361aa5-6533-4389-aeed-9d5d55b6e18b,chicks.university,available,19.99,,58,12,6,name.com,,
2a42f02b-1baf-4533-aa2e-8946b1742288,products.university,available,19.99,,60,23,8,name.com,,
2a5fcfdf-65e2-4f0c-b464-59518cc7a255,dropsomeonealine.university,available,19.99,,70,0,19,name.com,,
2a841fa4-20b9-4d51-91ac-95408a2e2da2,mountainridge.university,available,19.99,,52,3,14,name.com,,
2a8ae8b6-dca3-4d97-b696-56a3103fb658,longterm.university,available,19.99,,72,10,9,name.com,,
2a8b69dc-a8dc-4bd9-9918-bf69d6671e55,makefriendswith.university,available,19.99,,58,1,17,name.com,,
2aff4c19-a05e-4e65-b92b-f1a796090bd6,roastbeef.university,available,19.99,,80,4,10,name.com,,
2b03ae5c-fc1b-43b7-bbb1-2058b39f019d,tartarsauce.university,available,19.99,,76,2,12,name.com,,
2b10ae07-e033-408f-948d-18ffd22f9bf3,tycoons.university,available,19.99,,55,6,7,name.com,,
2b2bb83b-d029-42e9-a965-da20f3ea9b9c,portholes.university,available,19.99,,46,2,9,name.com,,
2b550696-b819-4d53-9566-20fa4c81876a,coffeewoman.university,available,19.99,,80,2,11,name.com,,
2b618214-f682-4f1e-bd27-9cc101514f6a,nurses.university,available,19.99,,54,13,6,name.com,,
2b6dd8b0-dada-4c62-a1bb-21f471004b60,belike.university,available,19.99,,74,7,7,name.com,,
2ba03963-d77d-4df9-9679-1419251ef2f7,distinctiveness.university,available,19.99,,72,1,15,name.com,,
2ba10d66-3cac-485c-a2c0-fb76f6ccc686,spellingbook.university,available,19.99,,48,1,13,name.com,,
2bd069fb-8cde-42ba-894b-294ef91980b5,coffeesenna.university,available,19.99,,80,1,12,name.com,,
2be88b88-b023-48ee-9458-e29841a0322f,specialed.university,available,19.99,,76,6,10,name.com,,
2bfc9d11-f87e-471a-8204-dad00824cd87,pickover.university,available,19.99,,62,1,9,name.com,,
2c0cd092-5b54-407a-af9a-9117ccd0e1e8,havethebestofit.university,available,19.99,,68,1,19,name.com,,
2c1fd3c9-d983-4787-836b-b78d13e4c114,sits.university,available,19.99,,54,10,4,name.com,,
2c57f5bb-91b3-4e76-9534-6cea2943487e,holdingtheball.university,available,19.99,,62,1,16,name.com,,
2ca14764-016d-4cc0-97e1-6ae7aa5b8a5b,nuclei.university,available,19.99,,44,7,6,name.com,,
2cb660c2-106f-48a4-a4f1-472c4d591ed9,gettheboot.university,available,19.99,,70,1,12,name.com,,
2cc9ecfa-c5d0-432e-811b-46384f087169,commonheather.university,available,19.99,,64,1,14,name.com,,
2cfb45fa-6a5c-4fa6-9398-01a4cc59fc47,travels.university,available,19.99,,64,18,7,name.com,,
2d06449d-627e-4621-9630-7225220b37b9,takeabreak.university,available,19.99,,86,8,12,name.com,,
2d1094a6-ddca-44cf-8c45-d4cd0ff6f85e,inconclusion.university,available,19.99,,60,2,13,name.com,,
2d5b9f30-dd80-4e55-82d8-107b30594d1c,roofs.university,available,19.99,,50,11,5,name.com,,
2d63f112-193a-478d-97b4-44c36d0cd89e,GeneralTsochicken.university,available,77.98,,70,1,19,namecheap,,
2da39007-58f7-4480-852b-bb2b30eecfc0,chairmen.university,available,19.99,,58,3,8,name.com,,
2da9473a-c2bf-4e2a-8f20-9975d662fe28,keeptrack.university,available,19.99,,76,8,10,name.com,,
2dd8fdd6-c842-439e-a55e-d11a27f8ef0c,goby.university,available,19.99,,74,9,5,name.com,,
2dedb0d7-2a44-45ad-9bdb-63294b1f5e0e,rollercoaster.university,available,19.99,,69,8,14,name.com,,
2df255a1-ae18-42c0-b7d0-61b4e68b2618,dogsledmail.university,available,19.99,,94,0,12,name.com,,
2e4d78fe-77bd-4059-85a4-984cbeba564b,prayers.university,available,19.99,,62,11,7,name.com,,
2e728169-08b1-4f20-9e75-2a34a0c75324,commonterm.university,available,19.99,,68,1,11,name.com,,
2e9832cf-adcc-4c37-bb87-561cb226ad72,poems.university,available,19.99,,58,9,5,name.com,,
2e9c6e56-c1a3-40d8-b7d4-ce59c10d2387,comeonto.university,available,19.99,,72,1,10,name.com,,
2eab154a-a1e1-4ead-a2c4-4eb5d6e5aec1,makeoneselfclear.university,available,19.99,,70,1,18,name.com,,
2eba829f-3788-4438-a5b2-50607eb5db02,fishes.university,available,19.99,,66,6,6,name.com,,
2ec8239e-014f-4ac5-8298-a4e35714fd1f,recruited.university,available,19.99,,58,5,9,name.com,,
2ee62127-dad0-46b8-8020-0efeee7660bd,slipby.university,available,19.99,,64,1,7,name.com,,
2efb2f37-b9a5-4cae-9df2-a7a360b9bfcc,determination.university,available,19.99,,70,9,13,name.com,,
2f06f7a6-0289-4aae-9526-cd2c9cd807ef,Williamson.university,available,77.98,,60,13,10,namecheap,,
2f4aa245-14e9-4ae0-8b8f-3632a2c34b0d,chickpeas.university,available,19.99,,62,3,9,name.com,,
2f560508-1d1c-4f1d-a8e6-8eb48b923d7e,techniques.university,available,19.99,,50,5,10,name.com,,
2f7976e6-6d69-42eb-8cda-457d6e051af3,goingaway.university,available,19.99,,54,1,10,name.com,,
2fabecf3-e745-42cc-9c64-b8a652d65520,remembrances.university,available,19.99,,51,2,12,name.com,,
2fdd5d79-da40-4778-a106-661f6e5afe83,keepquiet.university,available,19.99,,74,1,10,name.com,,
300ef5b0-87e9-42e3-82fb-57891e874167,LunarNewYear.university,available,77.98,,72,3,14,namecheap,,
301bee19-10a5-46a2-bd42-da4bed562d3f,comeoutontop.university,available,19.99,,68,0,15,name.com,,
307ba790-7ff6-4112-a0c1-4842f78d8979,penalties.university,available,19.99,,68,3,9,name.com,,
30a5764f-3b40-4856-86e6-dcc98bc28583,solutions.university,premium,123.75,,56,31,9,name.com,,
30aa9bc2-da2b-47fc-adcf-ff19171a4667,rehabs.university,available,19.99,,51,8,6,name.com,,
30b4acb3-0777-48ca-90c9-9eaa7efbc0d6,getwith.university,available,19.99,,74,4,8,name.com,,
30bf06eb-37e3-4c01-8d7c-acedf4bd3bb7,affections.university,available,19.99,,62,2,10,name.com,,
30d8b0e0-0ca6-4e88-8e6a-446d0acfe0fc,reservation.university,available,19.99,,65,19,11,name.com,,
30eed539-7d42-4c83-bb43-a64609e3de0d,payoff.university,available,19.99,,70,8,7,name.com,,
3106c1d2-f19b-499a-982b-8ff20dfa6ef7,arrested.university,available,19.99,,60,7,8,name.com,,
3108ae0e-4f67-41bd-9930-7d4f581c598a,costbenefit.university,available,19.99,,52,3,12,name.com,,
312ead7f-1941-4c18-9002-bbc9055efe28,therewego.university,available,19.99,,56,2,11,name.com,,
3151974e-fc77-41b8-8c70-5441af4794ae,cutthrough.university,available,19.99,,74,6,11,name.com,,
3170052f-9012-4beb-9d24-8ce93d5b544a,electricalpolarity.university,available,19.99,,59,0,19,name.com,,
318c6333-3c8a-45ba-b51d-288e1e86ac93,Phillip.university,available,77.98,,70,14,7,namecheap,,
31928e28-dc81-4c07-bf0d-0d4374056254,comeonline.university,available,19.99,,80,2,11,name.com,,
31a6a941-8e92-4595-96a3-c4e15957b895,uponthewhole.university,available,19.99,,46,1,14,name.com,,
31c433ad-9403-4bbb-a63f-a95bc2e88a8d,finaltest.university,available,19.99,,58,2,10,name.com,,
31d309d7-969f-40fc-a17d-1fe9bd578229,wandered.university,available,19.99,,56,4,8,name.com,,
3225a192-ec88-4049-ba22-7b1d94d1c654,ambivalence.university,available,19.99,,76,4,11,name.com,,
325032d5-f7d6-4a01-88f4-ea2aecbf390e,happier.university,available,19.99,,62,16,7,name.com,,
326a1972-9e1f-404c-9453-eb875cd34c18,IliveinMelbourne.university,available,77.98,,50,0,19,namecheap,,
32a19761-9ec4-46d9-b4a5-6370b95c20ad,beonto.university,available,19.99,,74,1,8,name.com,,
32c0ec91-a8c1-46d7-b456-590b05e5fd84,fruitvinegar.university,available,19.99,,50,1,13,name.com,,
33004868-1316-4260-9a36-98e883eee501,coffeepotful.university,available,19.99,,72,1,13,name.com,,
33133682-bb64-4874-8e10-a6e6910724f1,goingforward.university,available,19.99,,48,4,13,name.com,,
33683689-4555-4d04-853c-01c014525dd7,cans.university,available,19.99,,56,10,4,name.com,,
336b9480-5438-4ab7-912b-d24e14453819,cometopower.university,available,19.99,,66,1,13,name.com,,
336ebe6a-8a30-4faa-a720-02b13b9ad611,explanations.university,available,19.99,,50,2,12,name.com,,
338be4b8-0307-4ede-b0c9-14aaf9ef9d05,thethingis.university,available,19.99,,48,2,12,name.com,,
339e50a8-256e-44cb-a8eb-2c6f1190ef15,clearthetable.university,available,19.99,,64,1,15,name.com,,
33a663d7-3997-4aae-b10d-f69b739bd6a8,finalized.university,available,19.99,,52,2,9,name.com,,
33c2ac66-375b-4b3d-b0b5-ec6b2f40c567,upandaround.university,available,19.99,,60,1,13,name.com,,
33ce6758-7ad9-425a-bba4-3219c7e6b40d,mostwanted.university,available,19.99,,54,10,11,name.com,,
33d04c10-5480-46c6-b0f5-caa0833dc08e,dropahint.university,available,19.99,,78,1,11,name.com,,
33ee166b-e166-4514-8dc7-40ca63062d7f,GrandMarnier.university,available,77.98,,70,3,13,namecheap,,
33f21d6d-86b8-4c5a-8521-24be526c3e40,getoffon.university,available,19.99,,76,0,10,name.com,,
33fc75dd-b285-4483-b5c3-ccdaa28cab19,sees.university,available,19.99,,52,10,4,name.com,,
3400c61f-f6f5-4136-937e-a0f3895fd4f7,flor.university,available,19.99,,74,14,4,name.com,,
3457eefd-6779-4da2-9293-136b07bc8e87,backtoback.university,available,19.99,,72,5,12,name.com,,
34825a4b-a37a-44d9-8da6-25ef2de55a77,keeptrackof.university,available,19.99,,48,1,13,name.com,,
348fdc04-57ed-47c8-a31f-ea9596e01ab1,difficulties.university,available,19.99,,70,3,12,name.com,,
34915408-cfde-4bdf-9ec2-f4fff2fb8cf1,promised.university,available,19.99,,76,6,8,name.com,,
34ae41e5-cde7-46b2-a2aa-a1d708340402,havetheblues.university,available,19.99,,58,1,14,name.com,,
34b84d64-a89a-48c1-a063-c34f5c04dfcf,thanksbe.university,available,19.99,,60,1,9,name.com,,
34c57b62-a695-4575-8256-919bd92e6282,leaveover.university,available,19.99,,70,1,10,name.com,,
34c6e418-08cf-4d2f-8a82-512e133a0572,ChildJesus.university,available,77.98,,56,2,11,namecheap,,
34cec8aa-c18a-4099-9123-d436423f9477,serves.university,available,19.99,,54,7,6,name.com,,
34cf87a9-e7ad-4c8c-bc28-f749026aef41,Ihavecancer.university,available,77.98,,44,2,13,namecheap,,
34f2d723-ce38-40f0-8055-faf9c0f10fcb,costprice.university,available,19.99,,70,4,10,name.com,,
34fc3233-5fe2-4a9f-8cd9-f9472cc2fe28,spiders.university,available,19.99,,56,10,7,name.com,,
34fedf5f-3d1e-4c83-80aa-65599f14b89e,letrip.university,available,19.99,,75,2,7,name.com,,
358090ff-fbb3-4136-aada-004735249b79,toweather.university,available,19.99,,48,1,10,name.com,,
3586be1d-dd6b-4335-b071-70e6b5b0b961,feellike.university,available,19.99,,74,3,9,name.com,,
35a32dd2-19f3-43d2-b4d7-03ca5bc61bfc,thereyouare.university,available,19.99,,46,3,13,name.com,,
35a9e8de-1f58-4699-a43e-612ee1e6772f,AcademyAward.university,available,77.98,,76,1,13,namecheap,,
35ce23f1-817a-40ce-a837-ab9eebcb80e5,lostandfound.university,available,19.99,,64,19,14,name.com,,
35edb22a-4d94-4f57-8c92-e0d7b11b5d38,manycoloured.university,available,19.99,,60,1,13,name.com,,
3655cc59-0afc-4bce-b321-9b07dc29b6df,gobeyond.university,available,19.99,,76,18,9,name.com,,
365ae16b-181f-4747-9cc9-b43a7d41bc9e,neighbors.university,available,19.99,,63,17,9,name.com,,
3668329f-eacc-4633-8683-c5ed87aa5963,recalled.university,available,19.99,,62,4,8,name.com,,
3678dcb5-4332-4709-bf0d-9d7621dcc986,makewhole.university,available,19.99,,80,2,10,name.com,,
3694d6ac-6afd-47d4-87d7-b770f4b8dc7d,placeanorder.university,available,19.99,,72,0,14,name.com,,
36bdb9dc-2327-48f1-97f9-28b074152a0d,justices.university,available,19.99,,52,6,8,name.com,,
36c70e34-990c-491d-bccc-ca8e95d45157,reservations.university,available,19.99,,50,17,12,name.com,,
36ca7124-420a-42e4-b833-b872e1b3e358,successively.university,available,19.99,,56,0,12,name.com,,
36efd14b-b626-4690-8223-1e8fca411437,twentyeight.university,available,19.99,,65,8,12,name.com,,
371e3ddc-14dc-4bfc-8a86-b69debdad1fc,yards.university,available,19.99,,66,9,5,name.com,,
37366529-d999-4208-bda5-56655a624d01,gonefishing.university,available,19.99,,72,7,12,name.com,,
374ba778-7214-4876-8db6-9d9ee2aac83e,toburn.university,available,19.99,,50,1,7,name.com,,
37533a88-3fc8-4a9d-a4a5-0191773c6147,inwriting.university,available,19.99,,72,3,10,name.com,,
3781632f-f0e2-4a0d-ac80-9ac3d0c8c325,hoho.university,available,19.99,,62,13,5,name.com,,
37839c1d-4504-429d-bc03-c5b64f46077e,possibilities.university,available,19.99,,52,7,13,name.com,,
37b17688-d66e-4926-8ef3-83b5379708cd,alcoholusedisorder.university,available,19.99,,48,1,20,name.com,,
37b43494-84fe-4fa1-a17c-2d5864cef5f1,makes.university,available,19.99,,66,17,5,name.com,,
37bee7bb-96aa-4b2b-a5e9-ecc5127ff201,rights.university,available,19.99,,50,19,6,name.com,,
37da856c-f876-405f-b83c-a8db46a66ae0,trailers.university,available,19.99,,54,15,8,name.com,,
37e37d21-f5c5-46e6-aca8-41e3c7400dc1,CountyofSussex.university,available,77.98,,44,2,16,namecheap,,
37ecb623-591f-4665-93bf-28661f5f261a,IsleofThanet.university,available,77.98,,52,2,14,namecheap,,
37f6235d-c3dd-4317-ab6a-1424e42f3f43,fittest.university,available,19.99,,58,7,7,name.com,,
383e94be-d404-4f51-8c8d-db4f8145e4ee,lives.university,available,19.99,,64,15,5,name.com,,
384d1e98-24c6-40f7-8d08-82dfbe89dfaa,paperingover.university,available,19.99,,53,1,13,name.com,,
386d8a42-26a8-4db4-b720-95d13a94c9d3,combinations.university,available,19.99,,56,4,12,name.com,,
38724f9a-17c3-4ff0-be1b-8eb8b7bff987,leaveoff.university,available,19.99,,72,1,9,name.com,,
3878e789-c2a9-45d6-8092-b2b4727a0e5a,surfers.university,available,19.99,,57,10,7,name.com,,
38d192e3-cbdc-4bb1-8aa6-ead88b8ae3eb,workouts.university,available,19.99,,59,8,8,name.com,,
38dade41-dd85-417d-b590-d925c7289106,technicals.university,available,19.99,,52,6,10,name.com,,
391f68e1-badb-450f-a23e-dc7b6ab3ecb5,BigMacsauce.university,available,77.98,,70,1,13,namecheap,,
39338719-009f-4c13-b231-3b5bd8608379,smiths.university,available,19.99,,50,16,6,name.com,,
393df091-2788-4205-b11f-cce17d5719a7,getturnedaround.university,available,19.99,,64,1,17,name.com,,
395033b9-e5c4-418c-b65d-8d395d11242e,stepup.university,available,19.99,,78,19,7,name.com,,
39601563-acee-435d-8315-e2c59221d7c4,chocolates.university,available,19.99,,70,11,10,name.com,,
397f7657-79cb-4f17-820d-2966f723398d,urged.university,available,19.99,,60,3,5,name.com,,
39b8f0f8-d842-410b-bce0-6cd06dce6794,honeymoons.university,available,19.99,,64,6,10,name.com,,
39c2bae2-11f5-4ed4-ae1c-7d99dd0622bb,Godresthissoul.university,available,77.98,,44,1,17,namecheap,,
39cb9729-5ace-4644-b67c-39ad028a8639,trussbeam.university,available,19.99,,54,1,10,name.com,,
39fa43fc-13c1-447f-81c8-982568cba68f,treating.university,available,19.99,,70,3,8,name.com,,
39fff8af-af90-4802-9b80-faf2599a7c33,useit.university,available,19.99,,94,7,6,name.com,,
3a02f532-5323-4edd-8400-387703dff20e,pierogi.university,available,19.99,,82,7,7,name.com,,
3a2a83ac-ddab-4364-adc8-7341f52a8525,havetheheart.university,available,19.99,,66,1,14,name.com,,
3a3c13d9-f7cd-46ac-b7ca-66539589b629,inwithachance.university,available,19.99,,60,1,16,name.com,,
3a40110e-17c7-4774-9cbc-5e01be6b4a4a,umbrellas.university,available,19.99,,59,9,9,name.com,,
3a62516e-6ee4-43ef-a1d7-bc9951d7d60e,inorderfor.university,available,19.99,,60,0,12,name.com,,
3a690c52-2897-484a-979c-b6c922dd78f4,searches.university,available,19.99,,50,9,8,name.com,,
3a721fde-db60-4697-9ff7-bc17d7dcb35f,asperusual.university,available,19.99,,48,1,12,name.com,,
3a759671-8771-4fe6-87dc-ba89f936824b,getwiththeprogram.university,available,19.99,,69,2,20,name.com,,
3a941f2b-1a2c-49bf-9034-1874508eedbf,LoneRanger.university,available,77.98,,70,4,11,namecheap,,
3adfc10e-ef93-4828-8d85-2c444f037787,letoff.university,available,19.99,,77,1,7,name.com,,
3af81595-ec41-4502-91b2-aad70ab08759,havenosympathy.university,available,19.99,,54,1,16,name.com,,
3b15174e-0050-4d15-948b-4ff01e3a1d02,risks.university,available,19.99,,43,10,5,name.com,,
3b3a03b7-67e7-43a8-b57e-859f02026aad,girls.university,premium,123.75,,83,23,5,name.com,,
3b3c5f07-5cbf-4ec3-9285-22aed118e3f4,fitinto.university,available,19.99,,84,2,8,name.com,,
3b3dbc67-f24c-4705-9583-13831079464e,deaths.university,available,19.99,,50,6,6,name.com,,
3b42f592-66b4-4736-900a-5ba60e1e0d9a,highspirits.university,available,19.99,,76,8,12,name.com,,
3b4cefc2-a682-4dc6-beee-33e897f9dc70,blocks.university,available,19.99,,53,29,6,name.com,,
3b938c1e-701b-4a7d-a3b5-e4ba4f7cdd5f,eachtotheirown.university,available,19.99,,46,1,17,name.com,,
3bace59f-343e-4a74-968f-b417a2dbc090,collapses.university,available,19.99,,38,1,9,name.com,,
3bb663c8-f5c4-4533-9a44-15edd0b13957,cometobe.university,available,19.99,,72,0,10,name.com,,
3bdd22e5-3fa1-423e-944b-7d8f8d168a5c,getthedrift.university,available,19.99,,66,1,13,name.com,,
3be08881-be3a-49cb-b1fc-c61574918be4,nonsmoking.university,available,19.99,,68,3,11,name.com,,
3beebd17-1d14-46f6-934a-5c7d2ec81f84,getlife.university,available,19.99,,80,5,8,name.com,,
3befff1a-f1df-4486-a654-0f397c4be66d,rakeover.university,available,19.99,,66,1,9,name.com,,
3c1e1ffe-4058-4b1e-9a1d-3f86f49f6f8b,refusing.university,available,19.99,,40,3,8,name.com,,
3c4b7113-2285-4b38-bc72-976e72fd2690,tablets.university,available,19.99,,68,11,7,name.com,,
3c4f4669-bd93-472b-85e0-1808d2ab0d39,JusticeSociety.university,available,77.98,,48,1,15,namecheap,,
3c504846-eb7f-4192-b22c-5ea32bd8f72c,prosandcons.university,available,19.99,,59,3,13,name.com,,
3c6eb768-7257-4912-b367-07bd1cc256fb,gotobatfor.university,available,19.99,,42,1,13,name.com,,
3c9a059f-72eb-4732-9bb8-77e275827736,toomuch.university,available,19.99,,78,11,8,name.com,,
3ced383c-d6ef-429f-99b9-c38bdd095bde,plateout.university,available,19.99,,65,1,9,name.com,,
3d049fec-6bb6-40d4-8ab8-64bcf5dd341a,geese.university,available,19.99,,53,10,5,name.com,,
3d1c4dda-71ea-4c02-833c-f7995fb009f7,tales.university,available,19.99,,72,14,5,name.com,,
3d1cc4f5-3bdb-4a2d-92f2-df45425acd54,sockit.university,available,19.99,,70,5,7,name.com,,
3d2a2d73-51c2-4501-bdc0-03728b245ad9,keepout.university,available,19.99,,70,3,8,name.com,,
3d3da41f-44c1-41ad-99d3-b4a3a1afb3cc,Places.university,available,77.98,,74,22,6,namecheap,,
3d400175-f7c8-4656-b0a7-53b9d334e2f1,posts.university,available,19.99,,54,16,5,name.com,,
3d4b33cd-04ab-4285-b482-b0da0b8cad01,drapes.university,available,19.99,,76,5,6,name.com,,
3d5c557e-be7f-41f9-90da-3ed629451955,Scotchtape.university,available,77.98,,80,2,11,namecheap,,
3d7d3247-f718-4fa5-b8a9-92755abfd411,attendto.university,available,19.99,,70,1,9,name.com,,
3d9c1f3d-0a85-4801-8e67-9c038232f697,mobs.university,available,19.99,,42,10,4,name.com,,
3d9fe5a4-5294-440d-89e8-6a23ada64702,yawned.university,available,19.99,,53,2,6,name.com,,
3da68999-4ae8-40c0-adca-ad3d0e5082b4,Americanway.university,available,77.98,,72,4,12,namecheap,,
3dbc102a-e80b-467e-841d-1f2a3b84bf1d,agreements.university,available,19.99,,54,6,10,name.com,,
3e05c950-448d-4258-83b6-d0e85b686477,CountyofSpencer.university,available,19.99,,42,1,17,name.com,,
3e09531b-f1b1-430f-8b0c-d6188bc768c6,goamiss.university,available,19.99,,68,0,8,name.com,,
3e13b9a9-b204-433f-923a-c5cd37e10e9c,smashit.university,available,19.99,,72,8,8,name.com,,
3e26eaea-c118-4efc-8b3a-4d6521503a47,skateover.university,available,19.99,,60,0,10,name.com,,
3ea6a5cb-5027-4fb4-be81-92a0e6f66b33,hasto.university,available,19.99,,56,3,6,name.com,,
3eb96063-a468-4296-a8ea-c1b5fc4cea11,getstuckinto.university,available,19.99,,64,0,14,name.com,,
3ec34b72-7f61-4e16-8e03-2cb97f0ab92f,makethegrade.university,available,19.99,,70,3,14,name.com,,
3ee3dee4-88aa-4d01-8058-9e02e4eda67d,inblossom.university,available,19.99,,56,1,10,name.com,,
3f0d163a-762b-40b4-ab37-569a046030ef,expectedvalue.university,available,19.99,,66,4,14,name.com,,
3f13081c-0960-489d-9a1a-df5b7b801922,asperyourrequest.university,available,19.99,,48,1,19,name.com,,
3f18f4b8-1631-4b59-9093-069c29c587a4,spheres.university,available,19.99,,50,10,7,name.com,,
3f441e78-99db-418e-aca5-f4fb2acc1915,gingerbreadcookie.university,available,19.99,,52,1,18,name.com,,
3f526cb2-7a7e-44ac-beb7-a9f96261d0d0,setthestage.university,available,19.99,,66,3,13,name.com,,
3f78a154-4770-49a8-97d6-0f9688458d6b,Iamadoctor.university,available,77.98,,50,1,13,namecheap,,
3f81383f-8f60-49a4-ae5f-a7c8fc953074,thieves.university,available,19.99,,45,8,7,name.com,,
40007eae-e8b6-44f3-9b8d-dac0d7076883,officers.university,available,19.99,,50,5,8,name.com,,
400347da-a91f-4c40-a2ef-2e24dfc1bad2,hookup.university,available,19.99,,76,16,7,name.com,,
400dabcd-78c8-4513-b40e-0b9799f71759,Wikipedias.university,available,77.98,,53,2,10,namecheap,,
4021a0b1-8feb-49c2-b10b-73320d66e9ad,factories.university,available,19.99,,54,7,9,name.com,,
405a1070-4a5b-4057-99f7-2c23309d6da9,flipping.university,available,19.99,,70,12,8,name.com,,
406883c4-f344-4046-809f-4692af88d1da,changeup.university,available,19.99,,70,8,9,name.com,,
406a9c48-ee1a-4b26-98bb-74593e4339e0,disinfection.university,available,19.99,,74,5,12,name.com,,
407c7ce5-f1b3-4c7e-a62f-e0765a14d163,breasts.university,available,19.99,,50,9,7,name.com,,
4097621e-88ee-407c-8b48-2f7efbad45fb,givingin.university,available,19.99,,50,1,9,name.com,,
40bd6cbd-60ac-4ad9-889a-8c7d04c59a69,shops.university,available,19.99,,64,24,5,name.com,,
40cf36f3-65c4-434a-a5cd-5f21fd6fde66,generals.university,premium,82.5,,52,6,8,name.com,,
40d7c3d4-fe71-4ef2-bb2a-34af068160e9,AlcoholicsAnonymous.university,available,77.98,,52,4,20,namecheap,,
40eb93ef-bc7b-4c2c-afd0-39a92b8e20d1,compilers.university,available,19.99,,56,4,9,name.com,,
40ec8bfe-9ec4-4759-9e0b-65485d899d23,madewaves.university,available,19.99,,54,1,10,name.com,,
4108afea-b148-4f6c-8606-6f35967cc8d5,wrinkles.university,available,19.99,,55,4,8,name.com,,
411d2d13-cd83-4451-8c6f-9c982ce21511,mentalnote.university,available,19.99,,54,3,11,name.com,,
411d986c-34bc-4f99-aaf8-e06256267ed3,jetaircraft.university,available,19.99,,62,1,12,name.com,,
412f5f34-ded2-47cc-97c3-0ec5834f93d5,filets.university,available,19.99,,66,2,6,name.com,,
4130f78c-2468-4bbf-84b7-c1a765b3f136,stepaside.university,available,19.99,,74,2,10,name.com,,
41591e65-d95d-4a56-a65f-4a8763bd8dcd,flaxcotton.university,available,19.99,,56,0,11,name.com,,
41614ab0-da81-4cd1-b4ae-0ea7d70b1d4c,smiled.university,available,19.99,,66,5,6,name.com,,
416be0c9-cf13-4268-8a36-c5b7e6a15518,jetlag.university,available,19.99,,72,17,7,name.com,,
41cc20ef-0dbc-4f02-868b-01e1384d3055,cements.university,available,19.99,,56,3,7,name.com,,
41e33439-b479-479f-823b-e871748affed,orderout.university,available,19.99,,74,3,9,name.com,,
41ecf261-155f-4e01-8b3e-f12d49c3abb2,justplainfolks.university,available,19.99,,64,1,16,name.com,,
421e7488-6355-4aed-8110-f3c8f51e7aa9,performed.university,available,19.99,,58,3,9,name.com,,
422474e8-8cac-4187-9fd0-7d452fe9c22c,cometopass.university,available,19.99,,74,1,12,name.com,,
424da50b-a63b-4c41-8b8c-9a525044d96f,woes.university,available,19.99,,46,4,4,name.com,,
424ded08-1583-4b87-aebe-0faf6f6553f8,ounces.university,available,19.99,,47,4,6,name.com,,
425e48c7-2649-4f82-b057-3abfbe71278d,accountspayable.university,available,19.99,,62,4,16,name.com,,
426e099f-0ad8-4689-9e38-7fadfc7bfa95,hightea.university,available,19.99,,76,8,8,name.com,,
428795de-9a28-4e88-8d04-65c8da231ebd,operacake.university,available,19.99,,80,1,10,name.com,,
42a585bb-aad4-4d5a-b203-f4c9981c5a4b,demonstrating.university,available,19.99,,48,1,13,name.com,,
42c5c69e-7a96-45c9-9ce2-1e00ce33089a,gonegative.university,available,19.99,,66,1,11,name.com,,
42e0c1e6-c50a-4880-bc97-0e4a17044cee,rubbed.university,available,19.99,,62,2,6,name.com,,
42ec217a-9e29-4977-99cb-27c4c8f537a2,deeper.university,available,19.99,,56,19,6,name.com,,
42ff7eaf-1d86-4e6e-82d4-b4e29afb632c,turnedoff.university,available,19.99,,42,1,10,name.com,,
430c420d-dd61-40ea-8e89-e2f167aeae04,tapinto.university,available,19.99,,68,11,8,name.com,,
4346999a-f72a-4b4c-9750-02f4ff403ba3,coffeecake.university,available,19.99,,80,2,11,name.com,,
43490a08-d68e-48aa-ab13-9b5bbba6f0fb,officestaff.university,available,19.99,,57,2,12,name.com,,
434f0ec2-37a6-401b-9462-b364f5b6397f,fundamentals.university,available,19.99,,74,15,12,name.com,,
4363cee1-1c32-435d-87df-bae3f0ebea62,shots.university,available,19.99,,56,13,5,name.com,,
436a0330-576f-4346-8583-019732b521a7,counselling.university,available,19.99,,82,13,11,name.com,,
436afd70-e0ce-4173-9f99-c88bd17eb73f,rollinginit.university,available,19.99,,46,1,13,name.com,,
4379f30f-ff4d-4239-afb6-0dfe3fc17a22,pins.university,available,19.99,,68,15,4,name.com,,
43985394-5de8-488e-9b21-1c819617d928,letsgo.university,available,19.99,,57,31,7,name.com,,
43a177b3-ab09-4459-9052-858aba2a7475,rained.university,available,19.99,,50,4,6,name.com,,
43d65b3b-8ac5-444d-b28d-11f6cfa74d95,actresses.university,available,19.99,,56,5,9,name.com,,
4423bb40-ef06-4ace-8f1e-a3bcea9939df,possesses.university,available,19.99,,48,1,9,name.com,,
4456a6fb-5d05-4894-a47a-b5509360b327,stirup.university,available,19.99,,82,3,7,name.com,,
44746135-6250-4f7d-bb9f-0546b2323987,webmasters.university,available,19.99,,52,12,10,name.com,,
4480c0a8-35d6-453b-baf5-b36fadedd7cb,costcontainment.university,available,19.99,,42,2,16,name.com,,
44c80c9f-730f-44a9-8a0f-c6a124af43e4,carryover.university,available,19.99,,70,2,10,name.com,,
44f09fb8-b6b8-4dfd-beb1-ba879b349027,wives.university,available,19.99,,62,6,5,name.com,,
4534e594-bdbf-4c95-9b6a-e42155061335,getwise.university,available,19.99,,77,6,8,name.com,,
4537ffe0-8de4-43c6-8068-132f3dccac27,nosmoking.university,available,19.99,,54,5,10,name.com,,
45969daf-e349-43b7-9aad-f2c9894a35a4,comeup.university,available,19.99,,74,5,7,name.com,,
45c1d0d1-53e8-4cef-990a-d7962c63fec4,washes.university,available,19.99,,54,3,6,name.com,,
4608dab8-59b0-4ac0-9088-1448ce5901e4,disorders.university,available,19.99,,46,5,9,name.com,,
46115495-1af3-4819-9cf0-76c7c6d34957,onfile.university,available,19.99,,48,4,7,name.com,,
467654b7-1a4d-4f06-8d9e-bc3266c7db8a,primes.university,available,19.99,,56,13,6,name.com,,
467c8ec9-b58a-47d2-9bd8-842b3ef0e8e2,havethefoggiest.university,available,19.99,,54,1,17,name.com,,
467cfd80-5cf1-407a-8415-491f6a8bad1d,haveover.university,available,19.99,,74,1,9,name.com,,
46962cc3-5462-423d-821e-0f0b6f2b232d,enterthescene.university,available,19.99,,62,1,15,name.com,,
46e1774b-6b6d-4f2f-8e27-f1a956d38ec6,equations.university,available,19.99,,54,5,9,name.com,,
46f0e0be-4c18-4d23-b9b2-e8ac716f2694,pumpup.university,available,19.99,,76,5,7,name.com,,
470e5e9a-5317-4cb2-9b10-b1d718d749dd,genericterm.university,available,19.99,,68,0,12,name.com,,
47297a74-7bd4-4362-b833-632ae76c9e8d,stockings.university,available,19.99,,58,6,9,name.com,,
472f0246-0253-4c0b-a162-3aae3ac495da,hittingthepavement.university,available,19.99,,46,1,20,name.com,,
473aab54-60ad-4a41-9981-2d06b0799f35,prettier.university,available,19.99,,62,5,8,name.com,,
4767cac0-cd1d-49d3-a7ab-6c9c35ee11fa,someoneelse.university,available,19.99,,54,3,12,name.com,,
476f1d49-9cd4-400d-92b0-31c1bd9a481a,FinalJudgment.university,available,77.98,,54,2,14,namecheap,,
477197bd-5917-48f3-87f5-26c1456c1146,longago.university,available,19.99,,68,3,8,name.com,,
478b7987-518b-4010-93b2-650304c3762f,shells.university,available,19.99,,58,9,6,name.com,,
479108be-1794-4672-bfbe-3725af6fd89b,recycled.university,available,19.99,,79,10,8,name.com,,
47aaf48b-7342-4aab-afa8-495db3bd01bd,hangonto.university,available,19.99,,70,1,9,name.com,,
47c33ade-1090-4aa9-bf81-f72a91249106,pictures.university,premium,82.5,,82,17,8,name.com,,
47cf7034-07da-47ea-b3ea-67818bd3efa9,finalsalary.university,available,19.99,,66,1,12,name.com,,
47f33d23-9225-4aea-a73f-d741d9e8c997,Mexicans.university,available,19.99,,54,5,8,name.com,,
480d9267-acec-40c6-b6ad-71666830649e,HarryPotter.university,available,77.98,,72,20,12,namecheap,,
482266a9-aa5a-419b-a983-ecc001afcd38,alcoholfree.university,available,19.99,,70,6,12,name.com,,
4832b8e3-a756-442f-a16e-afbefb5b5954,fails.university,available,19.99,,46,7,5,name.com,,
48359666-d08e-4795-af69-9ff18384848f,officedoor.university,available,19.99,,55,1,11,name.com,,
485809cc-8a9b-40ba-9e63-4c15e4381d68,Ihaveadisability.university,available,77.98,,50,1,19,namecheap,,
489b44b7-a1e3-4a67-b5c1-00e40cd0175c,sedans.university,available,19.99,,51,3,6,name.com,,
48b4fa94-73f4-4d3c-bc10-8a6b12f53c37,commonweal.university,available,19.99,,68,5,11,name.com,,
48d04ab0-98d2-4e4d-b54b-67191e26b3c2,finalsweek.university,available,19.99,,52,1,11,name.com,,
490e6575-7675-4501-9cf3-783176c78550,MickeyMouse.university,available,77.98,,86,11,12,namecheap,,
4928971c-69e6-4ac9-8cea-30c63ab850f5,allsorts.university,available,19.99,,52,5,9,name.com,,
492b0d69-e139-4d97-a909-0fcfa8896f7b,droppingin.university,available,19.99,,70,2,11,name.com,,
493bbf2e-f588-45be-af55-75692a3a1814,sisters.university,available,19.99,,63,15,7,name.com,,
49446648-66f2-4a11-9203-fb28d64ce9c3,mobiles.university,available,19.99,,62,19,7,name.com,,
4945079c-bca3-40a9-a479-d55a91fc7ec4,comethrough.university,available,19.99,,78,1,12,name.com,,
495c6d9b-e0fb-427a-8d0d-8d6f2b51d17c,movefurniture.university,available,19.99,,68,1,14,name.com,,
4968e4b9-3c00-4568-8f7d-e9fde3d4fffd,distributed.university,available,19.99,,64,21,11,name.com,,
4971936e-4ec6-4ed4-b9f8-a08bc3260681,nailed.university,available,19.99,,58,6,6,name.com,,
4974d5c7-9b5f-4d1d-9232-43e8fac00892,herds.university,available,19.99,,50,7,5,name.com,,
497a21d8-18c1-4868-ba22-841eb65e8e88,sides.university,available,19.99,,54,12,5,name.com,,
49a99163-a6e4-4db5-90de-4446ccb0fd8a,pitchdark.university,available,19.99,,55,2,10,name.com,,
49ac990a-e07c-4349-a0e6-03135b10836b,stages.university,available,19.99,,57,12,6,name.com,,
49b9e7a0-b5e1-44f1-9990-ce842fcbccbb,revolvearound.university,available,19.99,,62,1,14,name.com,,
49eb5bc9-316b-4cf3-9a4a-9894f4f50b16,cometorest.university,available,19.99,,70,1,12,name.com,,
49ebde76-db8a-46dc-ba0d-4f2680e17552,clearsailing.university,available,19.99,,72,1,13,name.com,,
49f09bcb-fc43-423e-b0c1-10c5d9cb2924,boundaries.university,available,19.99,,56,7,10,name.com,,
4a0175e9-2bc4-4be3-a42c-8125c51c0e49,instruments.university,available,19.99,,62,11,11,name.com,,
4a3cee07-f895-44bb-8f4c-7512be0827e6,hammerhome.university,available,19.99,,70,2,11,name.com,,
4a409836-9df0-4630-bf37-24964fb21345,remarks.university,available,19.99,,56,6,7,name.com,,
4a414d38-d7e1-4f99-8689-0efbf1cfbad7,jewels.university,available,19.99,,80,15,6,name.com,,
4a5d6442-fdb5-44db-bc2d-623221437a4d,dancers.university,available,19.99,,64,9,7,name.com,,
4a7e4020-3ed6-4803-92bb-e0d479afadb4,gobust.university,available,19.99,,68,1,7,name.com,,
4ab2f88b-d7f0-47ed-b8b8-57abfd45a372,pages.university,available,19.99,,52,28,5,name.com,,
4b1fa0fa-a3ad-4f29-b20a-f4fec27165d5,writes.university,available,19.99,,56,9,6,name.com,,
4b22b2eb-612b-45fb-ae10-d44a8cdb2e95,corrections.university,available,19.99,,68,6,11,name.com,,
4b32dac1-12bf-4e21-ba4b-3ad2df2c8fc8,ibanking.university,available,19.99,,76,7,9,name.com,,
4b3dde21-ec4d-4797-806c-9efe2627c6b3,dogs.university,available,19.99,,76,28,4,name.com,,
4b4f0b9c-1991-492b-94b5-8bc8bfe7f708,letonego.university,available,19.99,,77,1,10,name.com,,
4b51b6f1-4950-44f9-8aff-bef81304336b,chiefofstaff.university,available,19.99,,60,9,14,name.com,,
4bc17b0c-b92c-4944-b08d-bd37f02b7da2,herbalmedicines.university,available,19.99,,52,2,16,name.com,,
4be32e3e-a576-494b-aca2-002b726e10bf,doctors.university,available,19.99,,56,26,7,name.com,,
4c0a5035-3121-4a95-a406-9c12424ecd12,goaroundincircles.university,available,19.99,,62,0,20,name.com,,
4c474cc2-20f5-488a-93a7-fbe4a5612602,changeout.university,available,19.99,,50,1,10,name.com,,
4c4ac55b-51c4-464c-8f48-c5d49d43cf26,gascooker.university,available,19.99,,52,1,10,name.com,,
4c603313-5fbc-4f6c-8ea0-f2b2e5a6a8ec,stepforward.university,available,19.99,,74,10,12,name.com,,
4c7bb744-b741-40b8-9554-85a4d4c42148,puzzles.university,available,19.99,,52,16,7,name.com,,
4c9c758d-91db-403c-8abc-041576864843,CountyTyrone.university,available,77.98,,42,2,13,namecheap,,
4cd47da8-0a72-4014-a5c1-688e76778e85,inpower.university,available,19.99,,47,10,8,name.com,,
4cef0872-2f82-41c0-96d5-f5d80a236eae,CountyofRiley.university,available,19.99,,42,1,15,name.com,,
4cf6dd1b-e0eb-4e15-9c71-c6d495c37130,commonnouns.university,available,19.99,,54,0,12,name.com,,
4d152d0f-29ee-48b3-bd5b-0868492ddd4c,slampoetry.university,available,19.99,,78,2,11,name.com,,
4d179b26-9b73-4c08-a88f-83eddde17b2c,letthebuyerbeware.university,available,19.99,,67,0,20,name.com,,
4d18d6f2-2003-4abb-84fa-6cacb7957262,tornados.university,available,19.99,,50,4,8,name.com,,
4d2df272-5ff0-461d-bd4d-7d575263ab85,imutation.university,available,19.99,,76,1,10,name.com,,
4d4190ab-4c39-49aa-a09b-b8b6d9d5b3fa,getonboard.university,available,19.99,,64,11,12,name.com,,
4d5b7f61-0ecf-4eb9-a4ba-80ccf8aecd87,videogames.university,available,19.99,,66,18,11,name.com,,
4d5f261f-d113-4811-a5be-b888709da4f3,CincodeMayo.university,available,77.98,,68,7,13,namecheap,,
4d6e8992-965b-426d-9ae5-54e961ff29f5,TyphoidMary.university,available,77.98,,59,1,12,namecheap,,
4d97764b-6ab5-4e7f-a975-06be750cb80a,updated.university,available,19.99,,52,10,7,name.com,,
4db66890-1c3d-44b3-8161-bcd14a187138,herbsandspices.university,available,19.99,,54,3,16,name.com,,
4dc7fed0-90fd-46ba-bd10-d4d7090d71d0,says.university,available,19.99,,58,10,4,name.com,,
4de07a1b-329b-4a34-96f5-075d2ead7ae5,additions.university,available,19.99,,58,4,9,name.com,,
4de83ea0-8864-45d7-82f1-51131e59905a,intight.university,available,19.99,,50,1,8,name.com,,
4e1e2779-ec79-4b38-8592-3e1cc4177753,machines.university,available,19.99,,56,22,8,name.com,,
4e3c6146-689f-46f8-b207-9896179c7ef3,newsreporter.university,available,19.99,,46,4,13,name.com,,
4e508a0a-9395-4e26-800a-16b0d8753b87,cups.university,available,19.99,,60,12,4,name.com,,
4e6ebbbc-d798-4658-8045-28da72645ad9,generalrank.university,available,19.99,,50,1,12,name.com,,
4e71e6c3-ce5d-468f-9fdf-20102e91ac84,trackdown.university,available,19.99,,70,4,10,name.com,,
4e78a14b-804d-4935-92e8-26905ca6b889,withintent.university,available,19.99,,54,6,11,name.com,,
4e7c7041-96ea-4c0b-be17-5de63d803fc6,ofan.university,available,19.99,,44,4,5,name.com,,
4eaf6d21-67a7-4ae6-b3d0-7b943adfff6e,LordofHosts.university,available,77.98,,54,2,13,namecheap,,
4eb5ff31-bdd0-475d-81c4-58e6e5965bab,makethebestof.university,available,19.99,,72,1,16,name.com,,
4ed65661-d7da-4a9d-8676-4931a2520a9d,keypresses.university,available,19.99,,54,0,11,name.com,,
4f553edb-a7da-4267-b297-ef5c1a2164b3,givingbirth.university,available,19.99,,89,2,12,name.com,,
4f5a9d4e-d1f6-43fc-88f8-eddcfcdaca45,sentences.university,available,19.99,,60,5,9,name.com,,
4f60cb73-993c-4b07-ad17-ea7e787ca475,manyandvaried.university,available,19.99,,46,1,15,name.com,,
4fa8439e-fdf8-41e2-b2fb-d15d54e207ee,pearls.university,available,19.99,,64,12,6,name.com,,
4faeedec-3435-4cf7-92dc-81358dcb71b9,seas.university,available,19.99,,58,13,4,name.com,,
4fb8abd7-618e-4b1d-8ced-a6c91edb3cf4,instate.university,available,19.99,,66,4,8,name.com,,
4fc74911-f648-4f7d-bc1a-5262d4c5ad94,ovens.university,available,19.99,,55,6,5,name.com,,
4ff4833b-9f15-498c-b1f7-14c873fdf4a6,hears.university,available,19.99,,48,4,5,name.com,,
4ff5a154-4c38-433e-93fe-5a81d2c43fd5,advertises.university,available,19.99,,56,3,10,name.com,,
50358972-3bd4-489f-9c8e-ef6cf4f828f5,joiningin.university,available,19.99,,52,2,10,name.com,,
503eef82-f83d-4226-9c8c-81995561e1bd,pigeons.university,available,19.99,,50,10,7,name.com,,
50596904-8bc0-451e-ae68-b6b4e9a0cd95,motorracing.university,available,19.99,,74,4,12,name.com,,
505a47f7-678c-43ef-8774-d2839545b7d7,divas.university,available,19.99,,62,10,5,name.com,,
5087bf72-28a6-4217-a824-c2ce3abcaefe,coffeemaking.university,available,19.99,,72,2,13,name.com,,
5087fc17-482d-4ea5-874d-4b7cbbd619ef,exclaimed.university,available,19.99,,50,2,9,name.com,,
50998747-d9ba-4c0e-a4bc-bd67c5fa5d6e,Imissyou.university,available,77.98,,58,7,10,namecheap,,
50aa9212-a082-4a14-86ab-47ea0f5871d9,furthermore.university,available,19.99,,68,7,11,name.com,,
50e96d53-c85b-42f2-93ef-0c551f1c91d6,alternatives.university,available,19.99,,58,13,12,name.com,,
50eb7956-1b4c-4cd9-be2d-a0abd119da43,getphysical.university,available,19.99,,80,1,12,name.com,,
510228ef-6f69-4ce1-a847-82674ef41336,upperlip.university,available,19.99,,52,1,9,name.com,,
510e9aa6-1097-42d6-86a1-57ce5baf0b8e,teenyweeny.university,available,19.99,,78,2,11,name.com,,
51673273-7243-4544-97b7-375404c2ad52,inshorttrousers.university,available,19.99,,58,1,17,name.com,,
519ec4dc-3e2c-4204-a8f8-9cdc9a113ae8,WonderWoman.university,available,77.98,,92,10,12,namecheap,,
51b3dfd9-e9cd-47dd-b9b5-780cc4d723d0,ingredients.university,available,19.99,,56,14,11,name.com,,
51b6f8b2-f692-4aef-b16e-92c55132feee,breakingnews.university,available,19.99,,66,19,13,name.com,,
51c19087-6f9e-4658-92c3-1e2185235e96,makeupremover.university,available,19.99,,70,2,14,name.com,,
52164e9e-31ca-4494-b156-b7a93d996357,Rounds.university,available,77.98,,72,12,6,namecheap,,
521cbb7d-8795-4eb4-b7ff-59a6f7bce82b,observations.university,available,19.99,,56,6,12,name.com,,
521f1918-240a-4a80-9205-1dbfd720e0be,tended.university,available,19.99,,50,7,6,name.com,,
5229a871-9738-4e5a-9f50-e64225447625,ladies.university,available,19.99,,80,17,6,name.com,,
522d899f-4c0b-4387-a436-c24434ddcbc3,labels.university,available,19.99,,56,16,6,name.com,,
5238425a-4a65-4e50-9757-f712d7af2fa1,getonwithit.university,available,19.99,,51,4,14,name.com,,
5245d37f-715c-47d8-a637-9a394e525277,manytoone.university,available,19.99,,68,2,11,name.com,,
5249e9e1-3047-4e8a-a88a-5f1fc6017f73,whats.university,available,19.99,,58,24,5,name.com,,
524ca6fe-4b74-4ab5-9e7f-4433d6343813,alcoholproblem.university,available,19.99,,30,1,15,name.com,,
525101fd-275b-40d7-bd2d-763b6937cc4e,CatholicChurch.university,available,77.98,,70,5,15,namecheap,,
52626ffd-4a90-4aaa-ade0-c0c74fd2454a,thumbs.university,available,19.99,,56,7,6,name.com,,
526ad49a-dd5f-411c-8ddc-d030672e4984,aswespeak.university,available,19.99,,58,2,11,name.com,,
5296cd32-a815-4b8a-95e1-ea83ff3b01f6,talked.university,available,19.99,,62,6,6,name.com,,
5299e3d1-f3e7-434b-8965-2d62c1c788da,distinctivefeature.university,available,19.99,,54,0,19,name.com,,
529a0727-e31d-48d9-9d39-8d43414efbcb,produces.university,available,19.99,,54,5,8,name.com,,
52ae71a5-1209-428b-b74e-2d196b57c1a5,provides.university,available,19.99,,56,5,8,name.com,,
52b44eeb-25de-4dc5-a5a2-03e86ddb16af,scooped.university,available,19.99,,48,5,7,name.com,,
52bc4173-4658-4098-9133-cf8961d84e4c,donkeys.university,available,19.99,,46,5,7,name.com,,
52dd6c01-4cad-4a4d-bbde-c12bfd278960,getthejobdone.university,available,19.99,,74,2,16,name.com,,
52f1e4a8-45fd-45c7-886a-1ba47c5f8c29,sockyarn.university,available,19.99,,64,1,9,name.com,,
53180c02-b242-417f-bc5d-91b6f445c921,propranolol.university,available,19.99,,68,5,11,name.com,,
5321c3e2-64b5-4464-aa26-63e8425afb27,turns.university,available,19.99,,62,7,5,name.com,,
5325b3f5-1da9-4a49-815b-89e542730758,clients.university,available,19.99,,58,20,7,name.com,,
5360779f-44bb-4b31-b7af-3c9b8f060027,uncared.university,available,19.99,,57,1,7,name.com,,
53706ba2-68b0-40a6-906b-1c1cdfb5903a,wins.university,available,19.99,,68,21,4,name.com,,
53875b41-65b4-4099-ab8c-f82a959d4bca,Apples.university,available,77.98,,90,16,6,namecheap,,
539d36ac-ffe1-418a-8ca0-a285de93e420,proxyfight.university,available,19.99,,44,1,11,name.com,,
53b0f4f0-e135-4a41-85bc-c7f6ac20e911,expectedreturn.university,available,19.99,,48,2,15,name.com,,
53be43b9-77f5-48ce-965c-6182182da891,finalreckoning.university,available,19.99,,58,2,15,name.com,,
53c51307-39cc-48f4-834b-bdf979e2d72e,comeknocking.university,available,19.99,,66,1,13,name.com,,
53d520a5-4be4-4e7e-9d50-b3181f323199,settlefor.university,available,19.99,,76,0,10,name.com,,
53e4c90a-5993-4110-812b-e75feab2b111,motorsport.university,available,19.99,,74,23,10,name.com,,
5406eaee-0aee-4150-8833-1ad03b56998b,hammeraway.university,available,19.99,,66,0,11,name.com,,
5408ecc3-9601-4627-974f-5d19b17e265a,Cats.university,available,77.98,,59,33,4,namecheap,,
5415b1c7-c95a-41e1-a669-29a22f577b9f,flashmemory.university,available,19.99,,76,2,12,name.com,,
542e5438-6390-4bff-a806-3a4d9e913c99,speakers.university,available,19.99,,66,12,8,name.com,,
544beb9b-0edc-44ac-b3bc-38ab52b34998,childclass.university,available,19.99,,50,1,11,name.com,,
546dd9a7-f7f3-4725-bfb1-5a12f79fd62a,takeajoke.university,available,19.99,,76,1,11,name.com,,
54da4db4-9842-45df-8dd2-b40ce55b3ca0,comeintobeing.university,available,19.99,,68,1,15,name.com,,
54ee8646-9120-4d19-8232-ebb2252eaa53,Occupations.university,available,77.98,,50,3,11,namecheap,,
54f78da1-3ab9-4450-8be2-e333d9604162,commonland.university,available,19.99,,74,2,11,name.com,,
54f99452-aba2-4426-8e81-3680359b54b0,personallife.university,available,19.99,,68,3,13,name.com,,
5504c972-4543-4154-abca-acab1497a79d,makesomenoise.university,available,19.99,,70,5,15,name.com,,
550c5c80-5248-435a-b2fc-ae91255e55e3,forms.university,available,19.99,,54,28,5,name.com,,
55166bc6-0a4f-478b-a3d5-38023b64e9f8,predisposition.university,available,19.99,,62,1,14,name.com,,
553e3432-e19c-45dc-9962-043ebfabc51b,CountyofWilkinson.university,available,19.99,,42,1,19,name.com,,
556e9a77-1f88-4e9c-8a4f-ff57ec262c63,puts.university,available,19.99,,58,7,4,name.com,,
55775349-e8eb-47bc-ad4a-1c2fecee8018,gobackon.university,available,19.99,,72,2,10,name.com,,
557bf5ad-7fa1-4ade-8ee0-19869dd7a2cb,dads.university,available,19.99,,60,17,4,name.com,,
5594b11b-371d-48a6-9016-db2cc45f6564,sexualassault.university,available,19.99,,43,3,14,name.com,,
559a733b-89d0-4ada-924c-6cac6eb45b1a,gaps.university,available,19.99,,40,8,4,name.com,,
559b4db2-d126-482d-81f8-0cd97a29f979,commonhall.university,available,19.99,,58,1,11,name.com,,
559dbae9-ae36-42b3-b2fd-f8754a3a6114,softsell.university,available,19.99,,72,3,9,name.com,,
559ea16e-7498-4460-a860-26652e7fad43,presents.university,available,19.99,,80,9,8,name.com,,
55c70c0f-509b-49ec-b5ed-d9eb97789acf,cometogripswith.university,available,19.99,,62,1,18,name.com,,
55f6efeb-eda2-4a31-a3e2-302aa459ef67,underprotest.university,available,19.99,,30,1,13,name.com,,
561b3b51-0dd0-467a-b606-f8865e7fa446,parishes.university,available,19.99,,51,3,8,name.com,,
5634f6e0-a6dd-4715-b719-9853a9e4ce04,WorldWarIII.university,available,77.98,,48,3,13,namecheap,,
564e1519-8689-4ef4-a09c-08a5d5f58091,stared.university,available,19.99,,56,4,6,name.com,,
56769b02-d9a8-478d-bae0-4096edd1053f,dowithout.university,available,19.99,,68,1,10,name.com,,
567f9ef4-9ec4-4c62-bf89-f382d37cd4fe,standupguy.university,available,19.99,,72,2,12,name.com,,
56a5fc7f-2249-43a4-8d86-1196eea55253,intune.university,available,19.99,,72,16,7,name.com,,
56c562ce-1495-4cea-b311-b6e5143aa845,getstuckin.university,available,19.99,,72,2,12,name.com,,
56dbff6d-22ea-4f8b-913a-2a0a416f2788,sparklingwine.university,available,19.99,,69,4,14,name.com,,
570bc842-19de-446e-90f6-eac159406af0,oars.university,available,19.99,,56,6,4,name.com,,
57352ede-71e3-4cd1-81a9-3177c3575931,Iship.university,available,77.98,,76,6,6,namecheap,,
573a7440-ed28-4b13-9bf5-568d98ce7d67,sellon.university,available,19.99,,68,6,7,name.com,,
57473b7e-6ad2-488f-9ff3-73a72b993595,mouldbreaking.university,available,19.99,,64,1,14,name.com,,
575427d0-ae15-42cd-81f7-44345e414855,electricaltape.university,available,19.99,,64,1,15,name.com,,
5767214e-faf3-40cb-810a-b5e7855e186e,studs.university,available,19.99,,69,7,5,name.com,,
57a48455-7655-4e6c-829b-2a08aaaffd97,barbecuesauce.university,available,19.99,,76,2,14,name.com,,
57dcdb32-f28e-4ff9-add9-bc89b69101b2,ponders.university,available,19.99,,54,5,7,name.com,,
57dde4c9-a692-4139-9f4e-395782c6fdfc,closeout.university,available,19.99,,76,6,9,name.com,,
57e06a85-13da-4cd4-a7de-6391294cbed6,lightsout.university,available,19.99,,56,12,10,name.com,,
57e10a64-fc79-403a-9593-bd141dc03fa2,waited.university,available,19.99,,58,3,6,name.com,,
5835759b-b0bd-48ff-b916-57b833e38a24,estateduty.university,available,19.99,,50,1,11,name.com,,
5836190f-02f2-40ca-b64a-f2bbcf706131,texts.university,available,19.99,,52,13,5,name.com,,
58395ab5-aa1e-4e3c-ae77-08c2b6f6608b,paintpot.university,available,19.99,,72,2,9,name.com,,
5841fa0c-f8df-4e5f-ae62-973ea4d56a68,suggestions.university,available,19.99,,56,5,11,name.com,,
584406c4-44ba-4dc4-aa74-2718f3941a35,proxybattle.university,available,19.99,,44,1,12,name.com,,
584e82d4-c479-4f0f-a472-9c9c14b44245,headout.university,available,19.99,,82,6,8,name.com,,
5861235c-aed4-4997-8b10-7e5fad805494,Ichooseviolence.university,available,77.98,,44,1,17,namecheap,,
5886703c-ffaf-4b16-9305-6db27cdde7c4,yielded.university,available,19.99,,56,3,7,name.com,,
58948107-7f84-460a-b180-6e889dc03de1,referto.university,available,19.99,,66,3,8,name.com,,
58de259e-16df-4f5d-898c-1b763f30ccd8,wars.university,available,19.99,,48,10,4,name.com,,
58e4adfd-2c15-4dd0-87ac-d09d7a25ecc8,gopast.university,available,19.99,,68,0,7,name.com,,
58ee58e5-2888-4ec7-952d-ab757e9642d0,carryforward.university,available,19.99,,66,3,13,name.com,,
5912db4c-f510-4015-bb2a-d0eb07477b02,maketheheadlines.university,available,19.99,,72,0,18,name.com,,
59142546-aed0-4acd-b74c-2e1128e50abb,spas.university,available,19.99,,56,10,4,name.com,,
5932f850-ade5-490f-8f5f-1102de050dff,snowballs.university,available,19.99,,59,7,9,name.com,,
595c3c19-dc26-4920-b852-8523ff8f13bc,comeondown.university,available,19.99,,76,1,12,name.com,,
5975ff4f-f815-4d74-9835-64d98a73d557,fellowfeeling.university,available,19.99,,62,1,14,name.com,,
597a27ad-77c7-4060-8d38-3f63d119e90d,believed.university,available,19.99,,64,3,8,name.com,,
59863870-6ff9-4abe-8adf-5066c8f8171e,hitwith.university,available,19.99,,76,2,8,name.com,,
598e9b71-2a77-4eea-9d49-85ed04173d76,CyberMonday.university,available,77.98,,78,10,12,namecheap,,
5998da9c-c7d3-4728-9208-3dca949e0a50,happiest.university,available,19.99,,64,10,8,name.com,,
59a0eb32-6d2e-42ef-b458-d06d217b2da9,Henri.university,available,77.98,,66,15,5,namecheap,,
59c6c63e-f85b-4c07-8055-53a54f6c76a4,barwood.university,available,19.99,,52,3,8,name.com,,
59cc9fc4-5d5e-4590-9883-2ff7cafd7c43,holdingthecards.university,available,19.99,,44,1,17,name.com,,
59d2cb35-33e3-4853-9993-ee95e3d07d2b,scratches.university,available,19.99,,60,4,9,name.com,,
59e22280-01a4-4271-8ff2-5b66c0c47c61,coffeemilk.university,available,19.99,,80,3,11,name.com,,
59ed8def-cd5f-4da2-a38f-c07573f91c40,wraps.university,available,19.99,,53,11,5,name.com,,
59f824b5-d9bb-4573-802d-7bd196a0596e,intheway.university,available,19.99,,70,3,10,name.com,,
5a297666-c163-40dd-9bc7-9007afbd0b2b,webcontent.university,available,19.99,,78,5,11,name.com,,
5a3b5bb3-4a94-4a3a-b045-d5f552ca3db2,uploadability.university,available,19.99,,60,1,13,name.com,,
5a495a90-fd50-4ca8-913c-457bd637751d,ifthecapfits.university,available,19.99,,55,1,15,name.com,,
5a756a6f-98c4-469b-bfe1-18dacd9bb156,gomissing.university,available,19.99,,70,1,10,name.com,,
5a802b1a-656e-4f0e-8fab-b06e30a779a1,LordMayors.university,available,77.98,,58,2,11,namecheap,,
5a8410ef-edd7-4b01-ba57-d14ae71cdeae,GeneralTaochicken.university,available,77.98,,70,1,19,namecheap,,
5aa5deb6-f37e-4c82-b81b-9587c8405c93,CountyofYoung.university,available,77.98,,42,1,15,namecheap,,
5ab88a5e-af28-4432-a82c-446db0c69c5b,intermittently.university,available,19.99,,48,1,14,name.com,,
5abb3f03-0bae-42a2-86fe-c689b723a9c5,voices.university,available,19.99,,60,19,6,name.com,,
5ac41dec-8d99-4136-8936-4fa95fc18abe,getoutside.university,available,19.99,,79,6,11,name.com,,
5aecff60-bbd2-40fc-9cf2-50b6ffe11708,buds.university,available,19.99,,54,15,4,name.com,,
5af37289-6284-4921-a180-2d4e790458ba,goshknows.university,available,19.99,,46,1,10,name.com,,
5b33c04f-b33b-488b-8915-825a6b9048a7,makesenseof.university,available,19.99,,52,1,13,name.com,,
5b3b0b31-70e2-41f8-b45b-044a78f069ca,herbbutter.university,available,19.99,,80,1,11,name.com,,
5b45a8da-d8b3-41f5-9815-ebe465f1d14e,plugs.university,available,19.99,,49,8,5,name.com,,
5b644016-02bf-461f-be37-c16097eaec03,letitalone.university,available,19.99,,80,1,12,name.com,,
5b89fdcc-de92-4f6a-bd39-bfd7efd82dd6,aboutto.university,available,19.99,,56,2,8,name.com,,
5b9be93a-46c2-417c-b031-b940d8518a10,questions.university,available,19.99,,78,17,9,name.com,,
5b9d5e43-4842-4056-8088-f3ec12e3cd45,commonstock.university,available,19.99,,68,3,12,name.com,,
5ba13dd4-30a7-4b35-ab7d-01754b250443,cents.university,available,19.99,,56,9,5,name.com,,
5bbb8f7c-da8d-49e5-8b33-6f3c60729784,favours.university,available,19.99,,66,4,7,name.com,,
5bc47c59-482d-46c1-9663-98555fee9372,faintest.university,available,19.99,,56,1,8,name.com,,
5be4b92b-0688-4e0e-9243-029feb1db175,suits.university,available,19.99,,61,13,5,name.com,,
5c0071ae-2783-4a15-84f1-25cee138e2c0,Frenchtoast.university,available,77.98,,80,7,12,namecheap,,
5c1d788f-6c91-4440-a592-0fe64e34a857,screens.university,available,19.99,,54,13,7,name.com,,
5c2de2b8-d820-4359-8122-e3ebbcd58ea5,coffeeberry.university,available,19.99,,80,4,12,name.com,,
5c61c047-360a-489c-93cd-4de95bfce53e,offenses.university,available,19.99,,40,2,8,name.com,,
5c68238b-7610-46e1-8eb1-d8d080f9e03a,proofs.university,available,19.99,,55,13,6,name.com,,
5c69f5ce-f7fc-42db-aa39-547ef61e1e8a,bloodpressuregage.university,available,19.99,,48,1,19,name.com,,
5c6e30b9-dd37-4274-9195-2bae1de98d7d,OpiumWar.university,available,77.98,,52,1,9,namecheap,,
5c769827-e4f7-4089-8d5d-576f5717ad23,alcoholintoxication.university,available,19.99,,48,1,20,name.com,,
5c7a6a8f-0536-4f03-8429-339e102db067,entertheequation.university,available,19.99,,62,0,18,name.com,,
5c7ac757-f81f-492f-afb4-5fb8f903f90c,getpastoneself.university,available,19.99,,62,0,16,name.com,,
5cc8e30e-c60f-4066-8779-3769cb091df1,velocities.university,available,19.99,,52,4,10,name.com,,
5cec461d-3f69-42e5-8ea4-cf2ce4d97aae,vergeon.university,available,19.99,,68,1,8,name.com,,
5cf74a94-c95e-4227-91d3-a8a49384e16b,devoured.university,available,19.99,,40,3,8,name.com,,
5d1ccea5-5aff-4a4e-962c-cf0d14eaec2b,CapeCod.university,available,77.98,,78,22,8,namecheap,,
5d85dc2c-f82e-48e6-b558-a475e621a784,textmessages.university,available,19.99,,52,3,13,name.com,,
5de2c2ef-dfa8-4f81-a575-fada9a018909,thewholeshop.university,available,19.99,,42,1,14,name.com,,
5e06262f-7b73-4834-8440-7fc4d3081d67,objectives.university,available,19.99,,54,5,10,name.com,,
5e28ca4f-2157-4eb2-b991-ee1b8548cae3,mouths.university,available,19.99,,49,3,6,name.com,,
5ebd73df-6b61-4f74-831d-6e0020a856f8,intheprocess.university,available,19.99,,52,1,14,name.com,,
5ee148b8-9a61-4b1c-95e7-95f1aab95ccf,electricalfield.university,available,19.99,,62,1,16,name.com,,
5f24da3c-703e-4f74-a1ea-ddbbfb1a0084,stretches.university,available,19.99,,50,2,9,name.com,,
5f327dbb-0aaf-482f-82d0-88122bfab9d4,wanttobet.university,available,19.99,,62,1,11,name.com,,
5f61afc1-65ac-4732-9066-b95d5714ca9e,getthedoor.university,available,19.99,,76,0,12,name.com,,
5f6ae36e-0605-45a0-a75e-baa2b7dd719c,pantihose.university,available,19.99,,70,2,9,name.com,,
5f7d7062-f9a9-4a6d-8fbe-35dfbfa8b72d,strapup.university,available,19.99,,68,1,8,name.com,,
5f86b519-3f3b-4cd1-8775-f7dbaa7ecbb7,gothroughwith.university,available,19.99,,58,1,15,name.com,,
5fcaa8cf-8e8f-41e3-afcb-ad61bc5f9027,gooutwithabang.university,available,19.99,,66,1,18,name.com,,
5fd4621d-ab0f-4b30-9e1c-c6522099cbf7,loans.university,premium,78.54,78.54,58,24,5,namesilo,,
5fd4b67c-fb68-4f05-b742-3e4b4f11fcd6,manysidedness.university,available,19.99,,64,1,14,name.com,,
5fd5f76c-9721-467d-b26b-422efe9816d7,Ineedtovomit.university,available,77.98,,50,1,15,namecheap,,
5fdde698-e194-4860-a559-664361909934,accountants.university,available,19.99,,50,16,11,name.com,,
5fe38a5e-be53-4e10-98e9-2f7dbc285c88,arrays.university,available,19.99,,50,5,6,name.com,,
5fedb7c0-fe32-42a6-bf7f-50b37c314c44,preferences.university,available,19.99,,80,7,11,name.com,,
600014c1-c131-42e6-9fe9-01c6cc1e258f,startover.university,available,19.99,,78,6,10,name.com,,
60006306-d206-4251-95ae-ea7032a3aba6,bros.university,available,19.99,,58,19,4,name.com,,
6009f257-55a3-4046-b64d-0ec00528e8c2,propernouns.university,available,19.99,,48,1,12,name.com,,
603c6b77-5cf4-4344-bb4b-c9973577c6a6,nitpicking.university,available,19.99,,58,1,10,name.com,,
605c52a2-8f29-4981-80ec-47dd8eadcbeb,distinctions.university,available,19.99,,62,3,12,name.com,,
6076898a-3ff5-4754-b4d6-86c66127ecee,backbreaking.university,available,19.99,,54,1,13,name.com,,
6079ee6c-aa9a-4c95-8f60-2b18a32e8467,runners.university,available,19.99,,78,16,7,name.com,,
60f1a6e8-7ece-4299-85ae-6fb2b3958cd9,cometrue.university,available,19.99,,82,5,9,name.com,,
60fd435a-0672-46bf-b61b-117093a50e21,deadon.university,available,19.99,,66,4,7,name.com,,
6134bc17-c234-4dfa-9950-f890729e9d97,gobackto.university,available,19.99,,76,2,10,name.com,,
613ef7d3-275c-4e3b-8006-6907f0b41082,thefixisin.university,available,19.99,,38,1,13,name.com,,
6168ecbe-788e-4b27-b033-3830c961ac18,getrid.university,available,19.99,,56,3,7,name.com,,
6185543a-cc8f-4dfe-89ba-c36d082ad689,scars.university,available,19.99,,42,10,5,name.com,,
618fbf2e-c172-411e-8d8e-f460c2db5560,apartments.university,premium,118.8,118.8,60,21,10,namesilo,,
6198b1a2-0049-4245-b545-ec9752a2c3c8,dataentry.university,available,19.99,,72,6,10,name.com,,
61db38b8-3a4b-4cec-859e-130dafb00e25,sobeit.university,available,19.99,,52,5,8,name.com,,
61db476d-fa7e-40f4-bb7f-e6fe8222afc1,Vehicles.university,available,77.98,,49,13,8,namecheap,,
61ecae3f-57bf-4236-8764-3844d1d000f6,getupandgo.university,available,19.99,,70,3,13,name.com,,
61ff78cb-aaf4-465f-b2cc-0506e8d99f09,IsleofSheppey.university,available,77.98,,52,1,15,namecheap,,
620232b3-1907-4f60-8274-52f1de252568,provided.university,available,19.99,,48,3,8,name.com,,
620c537f-2298-4343-8ef5-c4533bc0f382,shares.university,available,19.99,,58,18,6,name.com,,
62242689-d55c-488a-b1bd-5b3925b399bf,getontheendof.university,available,19.99,,64,0,17,name.com,,
624e1608-517d-4ca0-9f37-87387d2fe34e,slowcookers.university,available,19.99,,55,2,12,name.com,,
62522bdd-de8d-44b4-ad48-609ecf13fb9f,bloodpressurecuff.university,available,19.99,,48,1,19,name.com,,
629c3556-2370-4f57-a852-efae3e92dd32,mentioning.university,available,19.99,,52,2,10,name.com,,
62d885c6-ef4c-4acb-ad77-db849da53c7a,manystemmed.university,available,19.99,,68,1,12,name.com,,
62db7cec-2c78-4d15-b535-bf4a946be45f,patientcare.university,available,19.99,,79,8,11,name.com,,
62f1456a-038e-4c6e-af81-b9f7111066ca,alotof.university,available,19.99,,60,5,8,name.com,,
62fddf93-8382-4725-af57-04bfabf7cbcc,letoneoff.university,available,19.99,,77,1,11,name.com,,
6305e1e7-deba-4271-82da-0a2b864b8db9,bedframe.university,available,19.99,,80,3,9,name.com,,
632e9ab0-de41-483e-bfce-ef87ef28df7a,executivedirector.university,available,19.99,,56,2,18,name.com,,
633aede1-6902-41af-88ff-28b75a8b71aa,echoes.university,available,19.99,,56,24,6,name.com,,
6348b3df-987b-4ddd-b70d-96ab1ffd9518,cometolight.university,available,19.99,,68,1,13,name.com,,
634d5a07-1410-4f91-9966-d389774bc312,getround.university,available,19.99,,74,0,9,name.com,,